#id	org	district	locale	office	seatnum	subdist	name	elected	party	votes_C	pct	termlen	open	Res	Part	web	email	phone	address	headshot
8304	cnty	81		atty	1	0	John Dewane	2024-11-05	D	91687	65	4				pa.ingham.org/courts_and_sheriff/prosecuting_attorney	prosecutorsoffice@ingham.org	517-483-6272	303 West Kalamazoo Street, Lansing MI 48933	https://pa.ingham.org/courts_and_sheriff/prosecuting_attorney/John
8317	cnty	81		clerk	1	0	Barb Byrum	2024-11-05	D	94829	66	4				clerk.ingham.org/departments_and_officials/county_clerk	clerk@ingham.org	517-676-7201	Mason Courthouse, 341 S. Jefferson, Mason, MI 48854	
8335	cnty	81		drain	1	0	Patrick Lindemann	2024-11-05	D	91164	64	4				drain.ingham.org/departments_and_officials/drain_commission	drainoffice@ingham.org	517-676-8395	707 Buhl, PO Box 220, Mason, MI 48854-0220	
8344	cnty	81		reg	1	0	Derrick Quinney	2024-11-05	D	89725	64	4				rd.ingham.org/departments_and_officials/register_of_deeds	dquinney@ingham.org	517-676-7216	PO Box 195, Mason, MI 48854	
8376	cnty	81		sheriff	1	0	Scott A. Wriggelsworth	2024-11-05	D	98778	68	4				sh.ingham.org/courts_and_sheriff/sheriffs_office	swriggelsworth@ingham.org	517-676-2431	630 North Cedar Street, Mason MI 48854	https://www.misheriff.org/wp-content/uploads/2018/09/Sheriff-W-300x300.jpeg
6488	cnty	81		treas	1	0	Alan Fox	2024-11-05	D	89486	63	4				tr.ingham.org/departments_and_officials/treasurer	afox@ingham.org	517-676-7233	341 S. Jefferson, P.O. Box 215, Mason, MI 48854	https://tr.ingham.org/departments_and_officials/treasurer/Department/Treasurer/Alan
6505	cnty-com	81			1	1	Randy Maiville	2024-11-05	R	6933	64	4				bc.ingham.org	rmaiville@ingham.org	517-676-7200	341 S. Jefferson St. Mason, Michigan 48854	
6506	cnty-com	81			1	2	Karla Ruest	2024-11-05	R	6605	58	4				bc.ingham.org	kruest@ingham.org	517-676-7200	341 S. Jefferson St. Mason, Michigan 48854	
6507	cnty-com	81			1	3	Chris Trubac	2024-11-05	D	6316	57	4				bc.ingham.org	ctrubac@ingham.org	517-676-7200	2192 Cedar St., Holt, MI 48842	
6508	cnty-com	81			1	4	Todd Tennis	2024-11-05	D	5715	64	4				bc.ingham.org	ttennis@ingham.org	517-676-7200	341 S. Jefferson St. Mason, Michigan 48854	
6509	cnty-com	81			1	5	Myles Johnson	2024-11-05	D	5382	73	4				bc.ingham.org	mjohnson@ingham.org	517-676-7200	341 S. Jefferson St. Mason, Michigan 48854	
6510	cnty-com	81			1	6	Rachel R. Willis	2024-11-05	D	6603	69	4				bc.ingham.org	rwillis@ingham.org	(800) 366-5424	341 S. Jefferson St. Mason, Michigan 48854	
6511	cnty-com	81			1	7	Thomas P. Morgan	2024-11-05	D	6087	72	4				bc.ingham.org	tpmorgan@ingham.org	517-676-7200	341 S. Jefferson St. Mason, Michigan 48854	
6512	cnty-com	81			1	8	Robert Orlando Peña	2024-11-05	D	5729	73	4				bc.ingham.org	rpena@ingham.org	517-676-7200	341 S. Jefferson St. Mason, Michigan 48854	
6513	cnty-com	81			1	9	Ryan Sebolt	2024-11-05	D	7479	78	4				bc.ingham.org	rsebolt@ingham.org	517-676-7200	341 S. Jefferson St. Mason, Michigan 48854	
6514	cnty-com	81			1	10	Gabrielle Lawrence	2024-11-05	D	6220	72	4				bc.ingham.org	glawrence@ingham.org	517-676-7200	341 S. Jefferson St. Mason, Michigan 48854	
6515	cnty-com	81			1	11	Mark Grebner	2024-11-05	D	5334	77	4				bc.ingham.org	mgrebner@ingham.org	517-676-7200	341 S. Jefferson St. Mason, Michigan 48854	
6516	cnty-com	81			1	12	Irene M. Cahill	2024-11-05	D	5507	75	4				bc.ingham.org	icahill@ingham.org	517-676-7200	601 E. South Street, Lansing, MI 48910	https://michiganlcvedfund.org/people/irene-mcdonnell-cahill.jpg
6517	cnty-com	81			1	13	Tanya L. Pratt	2024-11-05	D	7870	68	4				bc.ingham.org	tpratt@ingham.org	517-676-7200	341 S. Jefferson St. Mason, Michigan 48854	
6518	cnty-com	81			1	14	Mark Polsdofer	2024-11-05	D	6803	71	4				bc.ingham.org	mpolsdofer@ingham.org	517-676-7200	1611 Wenonah Drive 48864	
6519	cnty-com	81			1	15	Monica Schafer	2024-11-05	R	6313	53	4				bc.ingham.org	mschafer@ingham.org	(517) 676-7200	341 S. Jefferson St. Mason, Michigan 48854	
9606	town	800	alaiedon	town-clerk	1	0	Kimberly P. Hafley	2024-11-05	R	1323	97	4				https://www.alaiedontwp.com/board	alaiedon@alaiedontwp.com	(517) 676-9277	2021 W. Holt Rd., Mason, MI 48854	
9826	town	800	alaiedon	town-super	1	0	Steven R. Lott	2024-11-05	R	1343	97	4				alaiedontwp.com	alaiedon@alaiedontwp.com	517-676-9277	2021 W Holt Rd Mason, Michigan  48854	
10045	town	800	alaiedon	town-treas	1	0	Scott D. Everett	2024-11-05	R	1332	97	4				alaiedontwp.com	alaiedon@alaiedontwp.com	517-676-9277	2021 W Holt Rd Mason, Michigan  48854	
10838	town-cou	800	alaiedon	council	1	0	Kurt R. Kranz	2024-11-05	R	1210	49	4				alaiedontwp.com	alaiedon@alaiedontwp.com	517-676-9277	2021 W Holt Rd Mason, Michigan  48854	
10839	town-cou	800	alaiedon	council	2	0	Beth A. Smith	2024-11-05	R	1201	48	4				alaiedontwp.com	alaiedon@alaiedontwp.com	517-676-9277	2021 W Holt Rd Mason, Michigan  48854	
9506	town	4240	aurelius	town-clerk	1	0	Bethany Walter	2024-11-05	R	1946	97	4				http://www.aureliustwp.org		(517) 628-2093	1939 S Aurelius Rd, Mason, MI 48854	
9732	town	4240	aurelius	town-super	1	0	David B. Droscha	2024-11-05	R	1979	97	4				http://www.aureliustwp.org	supervisor@aureliustwp.org	517-628-2093	1939 S Aurelius Rd Mason, Michigan  48854	
7523	town	4240	aurelius	town-treas	1	0	Marnie Anderson	2024-11-05	R	1958	98	4	Y			http://www.aureliustwp.org	manderson@aureliustwp.org	517-628-2093	1939 S Aurelius Rd Mason, Michigan  48854	
10452	town-cou	4240	aurelius	council	1	0	Gary Malcangi	2024-11-05	R	1720	48	4				http://www.aureliustwp.org	clerk@aureliustwp.org	517-628-2093	1939 S Aurelius Rd Mason, Michigan  48854	
10453	town-cou	4240	aurelius	council	2	0	Gordon Waltz	2024-11-05	R	1779	49	4				http://www.aureliustwp.org	clerk@aureliustwp.org	517-628-2093	1939 S Aurelius Rd Mason, Michigan  48854	
9416	town	11640	bunker hill	town-clerk	1	0	Carrie Zeitz	2024-11-05	R	948	97	4				www.bunkerhilltownship.org	carrie@bunkerhilltownship.org	517-416-6641	871 Decamp Rd Stockbridge, Michigan  49251	
9643	town	11640	bunker hill	town-super	1	0	Gene Ulrey	2024-11-05	R	930	97	4				www.bunkerhilltownship.org	gulrey@bunkerhilltownship.org	517-589-9886	871 Decamp Rd Stockbridge, Michigan  49251	
9855	town	11640	bunker hill	town-treas	1	0	Shannon Murray	2024-11-05	R	954	98	4				www.bunkerhilltownship.org	shannonmurray@bunkerhilltownship.org	517-589-9886	871 Decamp Rd Stockbridge, Michigan  49251	
10093	town-cou	11640	bunker hill	council	1	0	Scott McCann	2024-11-05	D	482	36	4				www.bunkerhilltownship.org		517-589-9886	871 Decamp Rd Stockbridge, Michigan  49251	
10094	town-cou	11640	bunker hill	council	2	0	Sherry A. Morehouse	2024-11-05	R	845	63	4				www.bunkerhilltownship.org	sherrymorehouse@bunkerhilltownship.org	517-589-9886	871 Decamp Rd Stockbridge, Michigan  49251	
6760	schl-cou	11400	dansville		1	0	Chad E. Minnis	2022-11-08	N	1470	38	6				www.dansville.org	minnisc@dansville.org	517-623-6120 x3416	PO Box 187, 1264 Adams StreetDansville, MI 48819	
6761	schl-cou	11400	dansville		2	0	Candy Sherwood	2022-11-08	N	1397	36	6				www.dansville.org	candysherwood74@gmail.com	517-623-6120 x3416	PO Box 187, 1264 Adams StreetDansville, MI 48819	
6762	schl-cou	11400	dansville		3	0	Shelby Cremer	2024-11-05	?	1783	51	6				www.dansville.org	cremershelby07@gmail.com	517-623-6120 x3416	PO Box 187, 1264 Adams StreetDansville, MI 48819	
8613	schl-cou	11400	dansville		4	0	David J. Lilly	2024-11-05	?	1620	46	6				www.dansville.org		517-623-6120 x3416	PO Box 187, 1264 Adams StreetDansville, MI 48819	
8614	schl-cou	11400	dansville		5	0	Erin Graf	2024-11-05	?	1904	55	6			P	www.dansville.org	egraf4@gmail.com	517-623-6120 x3416	PO Box 187, 1264 Adams StreetDansville, MI 48819	
8615	schl-cou	11400	dansville		6	0	Ross Hacker	2024-11-05	?	1496	43	6			P	https://www.dansville.org/board-of-education/	hacker.rj@gmail.com	(517) 623-6120	PO Box 187, 1264 Adams StreetDansville, MI 48819	
7576	vil	19780	dansville	clerk	1	0	Kelsey Parsons	2022-11-08	N	184	100	2	Y			www.villageofdansvillemi.org	clerk@dansvillemi.org	517-623-6917	1360 Mason Street PO Box 236 Dansville, MI 48819-0236	
7584	vil	19780	dansville	pres	1	0	David Hallock	2024-11-05	?	194	96	2	Y			www.villageofdansvillemi.org	president@dansvillemi.org	517-623-6917	1360 Mason Street PO Box 236 Dansville, MI 48819-0236	
7652	vil-cou	19780	dansville	council	1	0	Ryan Bushard	2022-11-08	N	147	49	4	Y	R		www.villageofdansvillemi.org		517-623-6917	1360 Mason Street PO Box 236 Dansville, MI 48819-0236	
7653	vil-cou	19780	dansville	council	2	0	Kelen Gailey	2022-11-08	N	149	50	4	Y	R		www.villageofdansvillemi.org		(833) 591-0251	3950 Heritage Avenue, Okemos, MI 48864	https://www.connectionsacademy.com/content/dam/pvs/ca/portals/94/images/profiles/staff/gailey-profile.jpg
7654	vil-cou	19780	dansville	council	3	0	Jill Bell	2024-11-05	?	142	30	2	Y			www.villageofdansvillemi.org		517-623-6917	1360 Mason Street PO Box 236 Dansville, MI 48819-0236	
7655	vil-cou	19780	dansville	council	4	0	Erica Korpi	2024-11-05	?	142	30	2	Y			www.villageofdansvillemi.org		517-623-6917	1360 Mason Street PO Box 236 Dansville, MI 48819-0236	
7656	vil-cou	19780	dansville	council	5	0	Jane Kirby	2024-11-05	?	172	37	2	Y			www.villageofdansvillemi.org		517-623-6917	1360 Mason Street PO Box 236 Dansville, MI 48819-0236	
11040	vil-cou	19780	dansville	council	6	0	Helen Djukic	2024-11-05	?	207	99	2	Y		P	www.villageofdansvillemi.org		517-623-6917	1360 Mason Street PO Box 236 Dansville, MI 48819-0236	
9438	town	21420	delhi charter	town-clerk	1	0	Evan Hope	2024-11-05	D	11646	97	4				www.delhitownshipmi.gov	evan.hope@delhitownshipmi.gov	517-694-2135	2074 Aurelius Road Holt, Michigan  48842	https://www.delhitownshipmi.gov/ImageRepository/Document?documentID=320
9637	town	21420	delhi charter	town-park	1	0	Steve Warfield	2024-11-05	D	8440	12	4				https://www.delhitownshipmi.gov/208/Park-Commission	steve.warfield@delhitownshipmi.gov	(517) 694-2135	2074 Aurelius Road, Holt, MI 48842	
9666	town	21420	delhi charter	town-super	1	0	Eddie Montemayor	2024-11-05	D	8349	51	4				https://www.delhitownshipmi.gov/223/Supervisor	eddie.montemayor@delhitownshipmi.gov	(517) 694-2137	2074 Aurelius Road, Holt, MI 48842	https://www.delhitownshipmi.gov/ImageRepository/Document?documentID=3612
9878	town	21420	delhi charter	town-treas	1	0	Tom Lenard	2024-11-05	D	11347	97	4				www.delhitownshipmi.gov	Tom.lenard@delhitownshipmi.gov	517-694-0333	2074 Aurelius Road Holt, Michigan  48842	https://www.delhitownshipmi.gov/ImageRepository/Document?documentID=326
10208	town-cou	21420	delhi charter	council	1	0	Patrick A. DeRosa	2024-11-05	D	9862	25	4				www.delhitownshipmi.gov	info@delhitownshipmi.gov	(517) 694-2135	2074 Aurelius Road Holt, Michigan  48842	
10209	town-cou	21420	delhi charter	council	2	0	Fred Ford	2024-11-05	D	9716	24	4				https://www.delhitownshipmi.gov/233/Board-of-Trustees	info@delhitownshipmi.gov	(517) 694-2135	2074 Aurelius Road, Holt, MI 48842	https://www.delhitownshipmi.gov/ImageRepository/Document?documentId=3588
10210	town-cou	21420	delhi charter	council	3	0	Matt Lincoln	2024-11-05	D	9501	24	4				www.delhitownshipmi.gov	info@delhitownshipmi.gov	517-694-2137	2074 Aurelius Road Holt, Michigan  48842	https://www.delhitownshipmi.gov/ImageRepository/Document?documentId=1678
10211	town-cou	21420	delhi charter	council	4	0	DiAnne Warfield	2024-11-05	D	9794	24	4				www.delhitownshipmi.gov	DiAnne.Warfield@delhitownship.com	517-980-1611	2074 Aurelius Road Holt, Michigan  48842	https://www.delhitownshipmi.gov/ImageRepository/Document?documentID=322
5998	city-cou	24120	east lansing		1	0	Chuck Grigsby	2025-11-04	?	2335	20	4				www.cityofeastlansing.com	chuck.grigsby@cityofeastlansing.com	(517) 899-7277	410 Abbot Rd East Lansing, Michigan  48823	
7941	city-cou	24120	east lansing		2	0	Kerry Ebersole Singh	2023-11-07	?	3377	23	4				www.cityofeastlansing.com	ksingh@cityofeastlansing.com	517-930-8435	410 Abbot Rd East Lansing, Michigan  48823	https://www.cityofeastlansing.com/ImageRepository/Document?documentID=16797
7942	city-cou	24120	east lansing		3	0	Mark S. Meadows	2023-11-07	?	2414	16	4				www.cityofeastlansing.com	Mark.meadows@cityofeastlansing.com	517-319-6869	410 Abbot Rd East Lansing, Michigan  48823	https://www.cityofeastlansing.com/ImageRepository/Document?documentID=16796
7943	city-cou	24120	east lansing		4	0	Erik Altmann	2023-11-07	?	2327	15	4				www.cityofeastlansing.com	Erik.altmann@cityofeastlansing.com	517-927-8589	410 Abbot Rd East Lansing, Michigan  48823	https://www.cityofeastlansing.com/ImageRepository/Document?documentID=16794
11373	city-cou	24120	east lansing		5	0	Steven Whelan	2025-11-04	?	2609	22	4				https://www.cityofeastlansing.com/2597/Councilmember-Steven-Whelan	steve.whelan@cityofeastlansing.com	(517) 899-7906	410 Abbot Rd East Lansing, Michigan  48823	https://www.cityofeastlansing.com/ImageRepository/Document?documentID=16798
6787	schl-cou	12600	east lansing		1	0	Terah Chambers	2022-11-08	N	6145	16	4	Y			elps.us	terah.chambers@elps.us	517-333-7420	501 Burcham Dr. East Lansing, MI 48823	
6788	schl-cou	12600	east lansing		2	0	Amanda Cormier	2022-11-08	N	4067	10	4	Y			elps.us	amanda.cormier@elps.us	(517) 371-5600	501 Burcham Dr. East Lansing, MI 48823	https://alpha.creativecirclecdn.com/citypulse/original/20220925-143634-Amanda%20Cormier%20Headshot.jpg
6789	schl-cou	12600	east lansing		3	0	Kath Edsall	2022-11-08	N	5498	14	4	Y			elps.us	kath.edsall@elps.us	517-333-7420	501 Burcham Dr. East Lansing, MI 48823	
6790	schl-cou	12600	east lansing		4	0	Tali Faris-Hylen	2022-11-08	N	5198	13	4	Y			elps.us	tali-faris@elps.us	517-333-7420	501 Burcham Dr. East Lansing, MI 48823	
8651	schl-cou	12600	east lansing		5	0	Elizabeth Guerrero Lyons	2024-11-05	?	9576	29	4				elps.us	Elizabeth.lyons@elps.us	517-333-7420	501 Burcham Dr. East Lansing, MI 48823	https://chmfamilymedicine.msu.edu/sites/default/files/styles/wide/public/headshots/Lyons.jpg.webp?itok=ggzIvthf
8652	schl-cou	12600	east lansing		6	0	Chris Martin	2024-11-05	?	8182	25	4				elps.us	Chris.martin@elps.us	517-333-7420	501 Burcham Dr. East Lansing, MI 48823	
8653	schl-cou	12600	east lansing		7	0	Estrella Torrez	2024-11-05	?	8961	27	4				elps.us	estrella.torrez@elps.us	517-333-7420	501 Burcham Dr. East Lansing, MI 48823	https://eastlansinginfo.news/wp-content/uploads/2023/10/2023-10-23_-ELi-_-EL-School-Board-1.jpg
8654	schl-cou	12600	east lansing		8	0	Abbie Tykocki	2024-11-05	?	8465	63	4			P	https://elps.us/our-district/board-of-education/members-information/	abbie.tykocki@elps.us	(248) 500-1790	509 Burcham Drive, East Lansing, MI 48823	
1534	schl-cou	12690	eaton rapids		1	0	Steven Curry	2020-11-03	?	3	27	6	Y			www.erpsk12.org	stevecurry@erpsk12.org	517-663-8155	912 Greyhound Dr., Eaton Rapids, MI 48827	
1535	schl-cou	12690	eaton rapids		2	0	Daniel E. Guy	2020-11-03	?	3	27	6	Y			www.erpsk12.org	dguy@erpsk12.org	517-663-8155	912 Greyhound Dr., Eaton Rapids, MI 48827	
1536	schl-cou	12690	eaton rapids		3	0	Jann Jansen	2020-11-03	?	3	27	6	Y			www.erpsk12.org	jjansen@erpsk12.org	517-663-8155	912 Greyhound Dr., Eaton Rapids, MI 48827	
6791	schl-cou	12690	eaton rapids		4	0	Becky Sue Thompson	2022-11-08	N	497	31	6				www.erpsk12.org	bthompson@erpsk12.org	517-663-8155	912 Greyhound Dr., Eaton Rapids, MI 48827	
6792	schl-cou	12690	eaton rapids		5	0	Valerie VanSandt	2022-11-08	N	447	28	6				www.erpsk12.org	vvansandt@erpsk12.org	517-663-8155	912 Greyhound Dr., Eaton Rapids, MI 48827	
8655	schl-cou	12690	eaton rapids		6	0	Brian D. Ross	2024-11-05	?	433	26	6				www.erpsk12.org	bross@erpsk12.org	517-663-8155	912 Greyhound Dr., Eaton Rapids, MI 48827	https://www.dewitttownship.gov/ImageRepository/Document?documentId=1136
8656	schl-cou	12690	eaton rapids		7	0	Melissa Eckman	2024-11-05	?	370	22	6				www.erpsk12.org	meckman@erpsk12.org	(517) 394-2985	912 Greyhound Dr., Eaton Rapids, MI 48827	
1571	schl-cou	14730	fowlerville		1	0	Amy Sova	2024-11-05	?	77	18	4				www.fowlervilleschools.org	sovaa@fowlervilleschools.org	517-223-6000	7677 W Sharpe Rd Suite A Fowlerville, MI 48836	
6824	schl-cou	14730	fowlerville		2	0	Danielle DeVries	2022-11-08	N	52	16	4	Y			www.fowlervilleschools.org	devriesd@fowlervilleschools.org	517-223-6000	7677 W Sharpe Rd Suite A Fowlerville, MI 48836	https://fowlerville2024-cdn.fxbrt.com/downloads/_acct_/00/00/19/46/baff14f1c162465b855cf280daacc53e.jpg
6825	schl-cou	14730	fowlerville		3	0	Diana Dombrowski	2022-11-08	N	51	15	4	Y			www.fowlervilleschools.org	dombrowskid@fowlervilleschools.org	517-223-6000	7677 W Sharpe Rd Suite A Fowlerville, MI 48836	https://fowlerville2024-cdn.fxbrt.com/downloads/_acct_/00/00/19/46/baff14f1c162465b855cf280daacc53e.jpg
6826	schl-cou	14730	fowlerville		4	0	John Belcher	2022-11-08	N	54	16	4	Y			www.fowlervilleschools.org	belcherj@fowlervilleschools.org	517-223-6000	7677 W Sharpe Rd Suite A Fowlerville, MI 48836	https://fowlerville2024-cdn.fxbrt.com/downloads/_acct_/00/00/19/46/baff14f1c162465b855cf280daacc53e.jpg
8693	schl-cou	14730	fowlerville		5	0	Justin Braska	2024-11-05	?	67	16	4				www.fowlervilleschools.org	braskaj@fowlervilleschools.org	517-223-6000	7677 W Sharpe Rd Suite A Fowlerville, MI 48836	
8694	schl-cou	14730	fowlerville		6	0	Susan Spagnuolo Charron	2024-11-05	?	71	17	4				www.fowlervilleschools.org	charrons@fowlervilleschools.org	517-223-6000	7677 W Sharpe Rd Suite A Fowlerville, MI 48836	
8695	schl-cou	14730	fowlerville		7	0	Tony Coln	2024-11-05	?	60	14	4				www.fowlervilleschools.org	colnt@fowlervilleschools.org	517-223-6000	7677 W Sharpe Rd Suite A Fowlerville, MI 48836	
1644	schl-cou	17940	haslett		1	0	Joshua Morey	2020-11-03	?	87	96	6			P	https://www.haslettschools.org/our-district/board-of-education/home		(517) 339-8242	5609 CREEKWOOD LN HASLETT MI 48840	
1645	schl-cou	17940	haslett		2	0	Greg Bird	2020-11-03	?	88	44	6	Y			https://www.haslettschools.org/our-district/board-of-education/home	birdgt@haslett.k12.mi.us	(517) 339-8242	5593 Franklin Street, Haslett, MI 48840	
6907	schl-cou	17940	haslett		3	0	Korine Wawrzynski	2022-11-08	N	2776	18	6		R		https://www.haslettschools.org/our-district/board-of-education/home	wawrzyks@haslett.k12.mi.us	(517) 339-8242	5593 Franklin Street, Haslett, MI 48840	
6908	schl-cou	17940	haslett		4	0	Molly Polverento	2022-11-08	N	2838	18	6		R		https://www.haslettschools.org/our-district/board-of-education/home	polverme@haslett.k12.mi.us	(517) 884-0434	5593 Franklin Street, Haslett, MI 48840	
6909	schl-cou	17940	haslett		5	0	Robin Lewis	2022-11-08	N	3024	20	6		R		https://www.haslettschools.org/our-district/board-of-education/home	lewis_1246@yahoo.com	(517) 339-8242	5593 Franklin Street, Haslett, MI 48840	
6910	schl-cou	17940	haslett		6	0	Amy Clark	2024-11-05	?	4695	52	6				https://www.michigan.gov/mde/services/ed-serv/contact	clarkaj@haslett.k12.mi.us	(248) 646-8900	5593 Franklin Street, Haslett, Michigan 48840	
8783	schl-cou	17940	haslett		7	0	Rick Fritz	2024-11-05	?	3	20	6			P	https://www.haslettschools.org/our-district/board-of-education/home	fritzre@haslett.k12.mi.us	(517) 339-8242	5593 Franklin Street, Haslett, MI 48840	
8784	schl-cou	17940	haslett		8	0	Travis Stoliker	2024-11-05	?	4087	46	6				https://www.haslettschools.org/our-district/board-of-education/home	stoliktj@haslett.k12.mi.us	(517) 339-8242	5593 Franklin Street, Haslett, MI 48840	
1668	schl-cou	18480	holt		1	0	Amy M. Dalton	2020-11-03	?	1	0	6	Y			www.hpsk12.net	amy.dalton@hpsk12.net	517-694-7459	5780 West Holt Road Holt, MI 48842	https://www.hpsk12.net/downloads/board_policies/robel_headshot.jpg
1669	schl-cou	18480	holt		2	0	Francisca G. Garcia	2020-11-03	?	814	45	6	Y			www.hpsk12.net	francisca.garcia@hpsk12.net	(517) 694-0401	5780 West Holt Road Holt, MI 48842	
1670	schl-cou	18480	holt		3	0	Mark Perry	2020-11-03	?	974	54	6	Y			www.hpsk12.net	mark.perry@hpsk12.net	517-242-7805	5780 West Holt Road Holt, MI 48842	https://www.hpsk12.net/downloads/board_policies/robel_headshot.jpg
6933	schl-cou	18480	holt		4	0	Jessie Jones	2022-11-08	N	7575	49	6				www.hpsk12.net	jessie.jones@hpsk12.net	517-974-0706	5780 West Holt Road Holt, MI 48842	https://www.hpsk12.net/downloads/logo__image_assets/2020_jones_reduced_1.jpg
6934	schl-cou	18480	holt		5	0	Kevin P. Leonard	2022-11-08	N	7843	50	6				www.hpsk12.net	kevin.leonard@hpsk12.net	517-974-6514	5780 West Holt Road Holt, MI 48842	https://www.hpsk12.net/downloads/logo__image_assets/2020_leonard_reduced.jpg
6935	schl-cou	18480	holt		6	0	Marisa Anderson	2024-11-05	?	8411	54	6				www.hpsk12.net	marisa.anderson@hpsk12.net	517-420-6272	5780 West Holt Road Holt, MI 48842	
8794	schl-cou	18480	holt		7	0	Robert G. Halgren	2024-11-05	?	6878	44	6				www.hpsk12.net	robert.halgren@hpsk12.net	517-256-5693	5780 West Holt Road Holt, MI 48842	https://www.hpsk12.net/downloads/board_policies/robel_headshot.jpg
9502	town	40640	ingham	town-clerk	1	0	Kathy LaGrow	2024-11-05	R	1174	98	4				inghamtownship.com	clerk@inghamtownship.com	517-623-0008	1420 Johnson St PO Box 238 Dansville, Michigan  48819	
9728	town	40640	ingham	town-super	1	0	Bruce Harris	2024-11-05	R	1167	98	4				inghamtownship.com	supervisor@inghamtownship.com	517-623-0008 x3	1420 Johnson St PO Box 238 Dansville, Michigan  48819	
9942	town	40640	ingham	town-treas	1	0	Ilona Harns	2024-11-05	R	1147	98	4				inghamtownship.com	treasurer@inghamtownship.com	517-623-0008 x2	1420 Johnson St PO Box 238 Dansville, Michigan  48819	
10433	town-cou	40640	ingham	council	1	0	David Harns	2024-11-05	R	1027	49	4				inghamtownship.com	trustee2@inghamtownship.com	(517) 623-0262	1420 Johnson St PO Box 238 Dansville, Michigan  48819	
10434	town-cou	40640	ingham	council	2	0	Krista Williams Kuehner	2024-11-05	R	1048	50	4				inghamtownship.com	trustee1@inghamtownship.com	(517) 623-0262	1420 Johnson St PO Box 238 Dansville, Michigan  48819	
5877	city	46000	lansing	clerk	1	0	Chris Swope	2025-11-04	?	17981	98	4				mi-lansing3.civicplus.pro/185/City-Clerk	city.clerk@lansingmi.gov	517-483-4131	1221 Reo RdLansing MI, 48910	
5911	city	46000	lansing	mayor	1	0	Andy Schor	2025-11-04	?	12881	66	4				mi-lansing3.civicplus.pro/179/Mayors-Office	Lansing.mayor@lansingmi.gov	517-483-4141	124 W Michigan Avenue Lansing, MI 48933	
6076	city-cou	46000	lansing		1	0	Jeremy A. Garza	2025-11-04	?	10394	29	4				mi-lansing3.civicplus.pro/260/Council-Members	jeremy.garza@lansingmi.gov	(517) 483-4172	124 W Michigan Avenue Lansing, MI 48933	
6366	city-cou	46000	lansing		1	1	Ryan Kost	2022-11-08	N	3764	50	4	Y			mi-lansing3.civicplus.pro/260/Council-Members	Ryan.kost@lansingmi.gov	517-483-4181	124 W Michigan Avenue Lansing, MI 48933	
6077	city-cou	46000	lansing		1	2	Deyanira Nevarez Martinez	2025-11-04	?	3133	71	4				https://www.lansingmi.gov/260/Council-Members?contentId=24c534ce-d5d7-411e-8788-9bcd42aaebab	Deyanira.n.Martinez@lansingmi.gov	(517) 483-4190	124 W Michigan Avenue, 10th Floor, City Hall, Lansing, MI 48933	
8023	city-cou	46000	lansing		1	3	Adam Hussain	2023-11-07	?	2345	74	4				mi-lansing3.civicplus.pro/260/Council-Members	Adam.hussain@lansingmi.gov	517-483-4191	124 W Michigan Avenue Lansing, MI 48933	
6078	city-cou	46000	lansing		1	4	Peter Spadafore	2025-11-04	?	3362	58	4				mi-lansing3.civicplus.pro/260/Council-Members	Peter.spadafore@lansingmi.gov	517-483-4180	124 W Michigan Avenue Lansing, MI 48933	
8020	city-cou	46000	lansing		2	0	Tamera Carter	2023-11-07	?	8663	34	4				https://www.lansingmi.gov/260/Council-Members?contentId=873d63bb-233d-4adb-bc15-a71a10ab2062	tamera.carter@lansingmi.gov	(517) 483-4170	124 W Michigan Avenue Lansing, MI 48933	
8022	city-cou	46000	lansing		2	1	Ryan Kost	2023-11-07	?	2463	76	4				mi-lansing3.civicplus.pro/260/Council-Members	Ryan.kost@lansingmi.gov	517-483-4181	124 W Michigan Avenue Lansing, MI 48933	
8021	city-cou	46000	lansing		3	0	Trini Lopez Pehlivanoglu	2023-11-07	?	8425	33	4				mi-lansing3.civicplus.pro/260/Council-Members	trini.lopez@lansingmi.gov	(517) 483-4174	2843 E Grand River Ave, East Lansing, MI 48823	
11413	city-cou	46000	lansing		4	0	Clara Martinez	2025-11-04	?	11387	32	4				https://www.lansingmi.gov/745/City-Council-Staff?contentId=9f3fe017-ad23-4b91-abdf-d697029b4a58	clara.martinez@lansingmi.gov	(517) 483-4177	124 W Michigan Avenue 10th Floor City Hall Lansing, MI 48933	
1749	schl-cou	21150	lansing		1	0	Guillermo Z. Lopez	2020-11-03	?	943	35	6	Y			www.lansingschools.net	lopezforlansing@gmail.com	517-755-1010	519 West Kalamazoo Street Lansing, MI 48933	
1750	schl-cou	21150	lansing		2	0	Robin M. Moore	2020-11-03	?	980	36	6	Y			www.lansingschools.net	robinmmoore@gmail.com	517-755-1010	519 West Kalamazoo Street Lansing, MI 48933	
1751	schl-cou	21150	lansing		3	0	Nino Rodriguez	2020-11-03	?	728	27	6	Y			www.lansingschools.net	rodriguezsm@comcast.net	517-755-1010	519 West Kalamazoo Street Lansing, MI 48933	
6998	schl-cou	21150	lansing		4	0	Caitlin Cavanagh	2022-11-08	N	20804	29	6		R		www.lansingschools.net	caitlin_cavanagh@yahoo.com	517-755-1010	519 West Kalamazoo Street Lansing, MI 48933	https://alpha.creativecirclecdn.com/citypulse/original/20220925-150210-Cavanagh_headshot%20copy%202.jpg
6999	schl-cou	21150	lansing		5	0	Kurt Richardson	2022-11-08	N	11738	16	6		R		www.lansingschools.net	kurtrichardson2@gmail.com	(517) 371-5600	519 West Kalamazoo Street Lansing, MI 48933	https://alpha.creativecirclecdn.com/citypulse/original/20220925-143328-Richardson.jpg
7000	schl-cou	21150	lansing		6	0	Rosalyn Williams	2022-11-08	N	13965	19	6		R		www.lansingschools.net	rosalynwilliams@comcast.net	517-755-1010	519 West Kalamazoo Street	
7001	schl-cou	21150	lansing		7	0	Cirea Strode	2024-11-05	?	16514	17	6				https://www.lansingschools.net/board-of-education/	cirea.strode@gmail.com	(517) 755-1010	519 West Kalamazoo Street Lansing, MI 48933	https://www.lansingschools.net/downloads/_acct_/00/01/55/85/71b3757f9d7f4508984baf8c9838c6fa.jpg
8875	schl-cou	21150	lansing		8	0	Deyanira Nevarez Martinez	2024-11-05	?	31111	97	6			P	https://www.lansingmi.gov/260/Council-Members?contentId=24c534ce-d5d7-411e-8788-9bcd42aaebab		(517) 483-4190	124 W Michigan Avenue, 10th Floor, City Hall, Lansing, MI 48933	
8876	schl-cou	21150	lansing		9	0	Keturah Bouyer	2024-11-05	?	12888	13	6				www.lansingschools.net		(888) 281-3634	2843 E Grand River Ave, East Lansing, MI 48823	
8877	schl-cou	21150	lansing		10	0	LaVont Heard	2024-11-05	?	16228	17	6				www.lansingschools.net		(248) 500-1790	519 West Kalamazoo Street Lansing, MI 48933	
9510	town	46020	lansing	town-clerk	1	0	Cortney Lightheart	2024-11-05	D	3175	97	4				http://www.lansingtownship.org	clerk@lansingtownship.org	517-485-4063	3209 W. Michigan Avenue Lansing, Michigan  48917	
7516	town	46020	lansing	town-super	1	0	Maggie Sanders	2024-11-05	D	3180	97	4	Y			http://www.lansingtownship.org	msanders@lansingtownship.org	517-485-2272	3209 W. Michigan Avenue Lansing, Michigan  48917	https://lansingtwpmi.gov/wp-content/uploads/2024/05/image-8.jpg
7524	town	46020	lansing	town-treas	1	0	Kathy Rodgers	2024-11-05	D	3165	97	4	Y			http://www.lansingtownship.org	treasurer@lansingtownship.org	517-485-7115	3209 W. Michigan Avenue Lansing, Michigan  48917	
10476	town-cou	46020	lansing	council	1	0	Henrietta Brewer	2024-11-05	D	2860	24	4				http://www.lansingtownship.org	hbrewer@lansingtownship.org	517-485-4063	3209 W. Michigan Avenue Lansing, Michigan  48917	
10477	town-cou	46020	lansing	council	2	0	Leslie Graham	2024-11-05	D	2882	25	4				http://www.lansingtownship.org	lgraham@lansingtwpmi.gov	(517) 485-2272	3209 W. Michigan Avenue Lansing, Michigan  48917	
10478	town-cou	46020	lansing	council	3	0	Tracie A. Harris	2024-11-05	D	2812	24	4				http://www.lansingtownship.org	tharris@lansingtownship.org	517-485-4063	3209 W. Michigan Avenue Lansing, Michigan  48917	
10479	town-cou	46020	lansing	council	4	0	Nathan Ruiz	2024-11-05	D	2802	24	4				http://www.lansingtownship.org	nruiz@lansingtownship.org	517-485-4063	3209 W. Michigan Avenue Lansing, Michigan  48917	
9515	town	47080	leroy	town-clerk	1	0	Gina Whitehead	2024-11-05	R	1652	98	4				https://leroytwp.com/team/ginawhitehead/	clerk@leroytownship-mi.gov	(517) 521-3729	1685 N. M-52 Webberville, Michigan  48892	
9741	town	47080	leroy	town-super	1	0	Earl Griffes	2024-11-05	R	1661	98	4				leroytwp.com	supervisor@leroytownship-mi.gov	517-521-3729	1685 N. M-52 Webberville, Michigan  48892	
9954	town	47080	leroy	town-treas	1	0	Heidi Ream	2024-11-05	R	1647	98	4				leroytwp.com	treasurer@leroytownship-mi.gov	(517) 521-3729	1685 N. M-52 Webberville, Michigan  48892	
10494	town-cou	47080	leroy	council	1	0	Loretta Kay Benjamin	2024-11-05	R	1504	49	4				leroytwp.com		(517) 521-3729	1685 N. M-52 Webberville, Michigan  48892	
10495	town-cou	47080	leroy	council	2	0	R. Scott Diederich	2024-11-05	R	1476	49	4				leroytwp.com		(517) 521-3729	1685 N. M-52 Webberville, Michigan  48892	
5912	city	47180	leslie	mayor	1	0	Matthew Johnson	2021-11-02	?	221	96	4				www.cityofleslie.org		517-589-8236	602 W Bellevue St P O Box 496 Leslie, Michigan  49251-0496	
8026	city-cou	47180	leslie		2	0	Collin Baker	2023-11-07	?	118	100	4				www.cityofleslie.org		517-589-8236	602 W Bellevue St P O Box 496 Leslie, Michigan  49251-0496	
1759	schl-cou	21450	leslie		1	0	Bud Fifield	2024-11-05	?	1938	20	4		R		www.lesliek12.net		517-589-8200	4141 Hull Rd Leslie, MI 49251	
1760	schl-cou	21450	leslie		2	0	David Cowing	2024-11-05	?	1845	19	4		R		www.lesliek12.net	dcowing@lesliek12.net	517-589-8200	4141 Hull Rd Leslie, MI 49251	
1762	schl-cou	21450	leslie		3	0	Eric Isham	2024-11-05	?	1966	20	4		R		www.lesliek12.net	eisham@lesliek12.net	517-525-5430	4141 Hull Rd Leslie, MI 49251	
7011	schl-cou	21450	leslie		4	0	Deann Maynard	2022-11-08	N	1520	26	4	Y			www.lesliek12.net	deannmaynard2012@gmail.com	517-881-4915	4141 Hull Rd Leslie, MI 49251	
7012	schl-cou	21450	leslie		5	0	Dominic Ambroggio	2022-11-08	N	1367	24	4	Y			www.lesliek12.net	ambroggiod@gmail.com	517-589-8200	4141 Hull Rd Leslie, MI 49251	https://lesliek12-cdn.fxbrt.com/downloads/board_members/dom_ambroggio.jpg
7013	schl-cou	21450	leslie		6	0	Elisabeth Yeider	2022-11-08	N	1546	27	4	Y			www.lesliek12.net	e.yeider@gmail.com	517-589-8200	4141 Hull Rd Leslie, MI 49251	https://lesliek12-cdn.fxbrt.com/downloads/board_members/bethyeider.jpg
7014	schl-cou	21450	leslie		7	0	Bradley S. Dunlap	2024-11-05	?	1936	20	4				https://www.lesliek12.net/board-of-education/	bradleydunlap95@gmail.com	(517) 881-4915	4141 Hull Rd Leslie, MI 49251	https://lesliek12-cdn.fxbrt.com/downloads/board_members/img_7303_1.jpg
9516	town	47200	leslie	town-clerk	1	0	Lynn Lankton	2024-11-05	R	1093	97	4				https://www.leslietownship.org/contact	llankton@leslietownship.org	(517) 589-8201	4279 Oak St., P.O. Box 577, Leslie, MI 49251	
7517	town	47200	leslie	town-super	1	0	Dallas H. Henney	2024-11-05	D	816	90	4	Y			www.leslietownship.org	Dhenney@leslietownship.org	517-589-8201	4279 Oak P O Box 577 Leslie, Michigan 49251	
9955	town	47200	leslie	town-treas	1	0	Megan Casper	2024-11-05	R	1084	97	4				www.leslietownship.org	mcasper@leslietownship.org	517-589-8201	PO Box 592, Leslie, MI 49251	
7548	town-cou	47200	leslie	council	1	0	Greg Gilliland	2022-11-08	R	756	65	4	Y			www.leslietownship.org		517-589-8201	4279 Oak P O Box 577 Leslie, Michigan 49251	
10496	town-cou	47200	leslie	council	2	0	Greg Gilliland	2024-11-05	R	902	41	4				www.leslietownship.org		517-589-8201	4279 Oak P O Box 577 Leslie, Michigan 49251	
10497	town-cou	47200	leslie	council	3	0	Bill Whitbeck	2024-11-05	R	807	37	4				https://www.leslietownship.org/government		(517) 589-8201	4279 Oak P O Box 577 Leslie, Michigan 49251	
9520	town	49040	locke	town-clerk	1	0	Marcy Shepler	2024-11-05	R	986	99	4				https://locketwp.com/township-staff/		(517) 468-3405	3805 Bell Oak Road, Williamston, MI 48895	https://locketwp.com/wp-content/uploads/2020/06/sheriff-vehicle-170x170.jpg
9745	town	49040	locke	town-super	1	0	Nathan M. Lott	2024-11-05	R	993	99	4				https://locketwp.com/township-staff/		(517) 468-3405	3805 Bell Oak Road, Williamston, MI 48895	
9959	town	49040	locke	town-treas	1	0	Sheri Rambo	2024-11-05	R	984	99	4				locketwp.com	locketwptreas@tds.net	517-468-3405	3805 Bell Oak Rd Williamston, Michigan  48895	
10511	town-cou	49040	locke	council	1	0	Jean Marie Coe	2024-11-05	R	898	50	4				https://locketwp.com/township-staff/		(517) 468-3405	3805 Bell Oak Rd, Williamston, MI 48895	https://locketwp.com/wp-content/uploads/2020/06/sheriff-vehicle-170x170.jpg
10512	town-cou	49040	locke	council	2	0	Ty Hull	2024-11-05	R	874	49	4				https://locketwp.com/township-staff/		(517) 712-5161	3805 Bell Oak Road, Williamston, MI 48895	https://locketwp.com/wp-content/uploads/2020/06/sheriff-vehicle-170x170.jpg
6377	city-cou	52180	mason		1	0	Jon Droscha	2022-11-08	N	2141	31	4	Y			www.mason.mi.us	jond@mason.mi.us	517-676-9155	201 W Ash St PO Box 370 Mason, Michigan  48854	
6378	city-cou	52180	mason		2	0	Scott D. Preadmore	2022-11-08	N	1797	26	4	Y			www.mason.mi.us	scottp@mason.mi.us	517-676-9155	201 W Ash St PO Box 370 Mason, Michigan  48854	
6379	city-cou	52180	mason		3	0	Jerome H. Schaffer	2022-11-08	N	1559	23	4	Y			www.mason.mi.us	jerrys@mason.mi.us	517-676-9155	201 W Ash St PO Box 370 Mason, Michigan  48854	
8234	city-cou	52180	mason		4	0	Leon R. Clark	2024-11-05	?	2045	16	4				www.mason.mi.us	leonc@mason.mi.us	517-676-9155	201 W Ash St PO Box 370 Mason, Michigan  48854	
8235	city-cou	52180	mason		5	0	Elaine J. Ferris	2024-11-05	?	1969	15	4				www.mason.mi.us	elainel@mason.mi.us	517-676-9155	201 W Ash St PO Box 370 Mason, Michigan  48854	
8236	city-cou	52180	mason		6	0	Thomas C. Husby	2024-11-05	?	2087	16	4				www.mason.mi.us	tomh@mason.mi.us	(888) 275-8747	201 W Ash St PO Box 370 Mason, Michigan  48854	
8237	city-cou	52180	mason		7	0	Russell W. Whipple	2024-11-05	?	1753	14	4				www.mason.mi.us	russw@mason.mi.us	(517) 337-2460	201 West Ash Street, Mason, MI 48854	
7060	schl-cou	23070	mason		1	0	Bryan Wilson Droscha	2022-11-08	N	3734	17	6				www.masonk12.net	bdroscha.boe@gmail.com	517-676-2484	201 W. Ash Street, Suite 2A Mason, MI 48854	
7061	schl-cou	23070	mason		2	0	Liz Evans	2022-11-08	N	3650	17	6				www.masonk12.net	lizevans66@gmail.com	517-676-2484	201 W. Ash Street, Suite 2A Mason, MI 48854	https://www.masonk12.net/downloads/_acct_/00/00/15/10/7272914703cd4ce3862812744f0c49eb.jpg
7062	schl-cou	23070	mason		3	0	Amy Lark	2022-11-08	N	2640	12	6				www.masonk12.net	amymlark@gmail.com	517-676-2484	201 W. Ash Street, Suite 2A Mason, MI 48854	https://alpha.creativecirclecdn.com/citypulse/original/20220925-163734-Amy%20Lark.jpg
8931	schl-cou	23070	mason		4	0	Matt Bennett	2024-11-05	?	4107	24	6				www.masonk12.net	bennettm@masonk12.net	(517) 371-5600	201 West Ash Street, Mason, MI 48854	https://alpha.creativecirclecdn.com/citypulse/original/20220925-145129-Matt%20bennett%20pic.jpg
8932	schl-cou	23070	mason		5	0	Lacy Harding	2024-11-05	?	4189	24	6				https://www.masonk12.net/district/board-of-education/	hardingl@masonk12.net	(517) 676-6489	201 West Ash Street, Mason, MI 48854	https://www.masonk12.net/downloads/_acct_/00/00/15/10/7272914703cd4ce3862812744f0c49eb.jpg
9536	town	53140	meridian	town-clerk	1	0	Angela Demas	2024-11-05	D	16704	68	4				www.meridian.mi.us	board@meridian.mi.us	(517) 853-4560	5151 Marsh Road, Okemos, MI 48864	
9639	town	53140	meridian	town-park	1	0	Emily Rambo	2024-11-05	N	8943	11	4				www.meridian.mi.us	board@meridian.mi.us	517-853-4050	5151 Marsh Rd. Okemos, Michigan  48864	
7519	town	53140	meridian	town-super	1	0	Scott Hendrickson	2024-11-05	D	18912	98	4	Y			www.meridian.mi.us	board@meridian.mi.us	517-853-4050	5151 Marsh Rd. Okemos, Michigan  48864	
9975	town	53140	meridian	town-treas	1	0	Phil Deschaine	2024-11-05	D	18880	98	4				www.meridian.mi.us	board@meridian.mi.us	517-853-4144	5151 Marsh Rd. Okemos, Michigan  48864	
7553	town-cou	53140	meridian	council	1	0	Scott Hendrickson	2022-11-08	D	15417	50	4	Y			www.meridian.mi.us	board@meridian.mi.us	517-853-4050	5151 Marsh Rd. Okemos, Michigan  48864	
7554	town-cou	53140	meridian	council	2	0	Marna Wilson	2022-11-08	D	14885	49	4	Y			www.meridian.mi.us	board@meridian.mi.us	517-853-4050	5151 Marsh Rd. Okemos, Michigan  48864	
10555	town-cou	53140	meridian	council	3	0	Nickolas Lentz	2024-11-05	D	17251	25	4				www.meridian.mi.us	board@meridian.mi.us	(517) 202-4927	2098 E M78, East Lansing, MI 48823	
10556	town-cou	53140	meridian	council	4	0	Kathy Ann Sundland	2024-11-05	D	17196	24	4				www.meridian.mi.us	board@meridian.mi.us	517-853-4262	5151 Marsh Rd. Okemos, Michigan  48864	
10557	town-cou	53140	meridian	council	5	0	Peter L. Trezise	2024-11-05	D	16882	24	4				www.meridian.mi.us	board@meridian.mi.us	517-853-4050	5151 Marsh Rd. Okemos, Michigan  48864	
10558	town-cou	53140	meridian	council	6	0	Marna Wilson	2024-11-05	D	16974	24	4				www.meridian.mi.us	board@meridian.mi.us	517-853-4050	5151 Marsh Rd. Okemos, Michigan  48864	
1870	schl-cou	24630	morrice		1	0	Jerry Dennis, Jr.	2022-11-08	N	1073	22	4	Y			www.morrice.k12.mi.us	jerry.dennis@morrice.k12.mi.us	517-625-3142	111 Mason Street,  Morrice, MI 48857	
1871	schl-cou	24630	morrice		2	0	David E. Hovis	2024-11-05	?	1030	26	4				www.morrice.k12.mi.us	dhovis17@gmail.com	517-625-3142	111 Mason Street,  Morrice, MI 48857	
7094	schl-cou	24630	morrice		3	0	Barbara Wyzga	2022-11-08	N	1094	23	4	Y			www.morrice.k12.mi.us	barb.wyzga@morrice.k12.mi.us	517-625-3142	111 Mason Street,  Morrice, MI 48857	
7095	schl-cou	24630	morrice		4	0	Bridgett Flynn	2022-11-08	N	1067	22	4	Y			www.morrice.k12.mi.us	bridgettkrebs@yahoo.com	517-625-3142	111 Mason Street,  Morrice, MI 48857	
7096	schl-cou	24630	morrice		5	0	Kelsi Iler	2022-11-08	N	1025	21	4	Y			www.morrice.k12.mi.us	kelsi.iler@morrice.k12.mi.us	517-625-3142	111 Mason Street,  Morrice, MI 48857	
8964	schl-cou	24630	morrice		6	0	Jennifer L. Hower	2024-11-05	?	1359	35	4				www.morrice.k12.mi.us	hower@morrice.k12.mi.us	517-625-3142	111 Mason Street,  Morrice, MI 48857	
8965	schl-cou	24630	morrice		7	0	Troy Robert Binkley	2024-11-05	?	1405	36	4				www.morrice.k12.mi.us	binkley@morrice.k12.mi.us	517-625-3142	111 Mason Street,  Morrice, MI 48857	
1908	schl-cou	26010	northwest		1	0	Allison Cooper	2020-11-03	?	3577	18	6	Y			nwschools.org		517-817-4700	6900 Rives Junction Road JacksonMI49201	
1909	schl-cou	26010	northwest		2	0	Libby Conant-Lounds	2020-11-03	?	3159	16	6	Y			nwschools.org	libbyclounds@gmail.com	517-817-4700	6900 Rives Junction Road JacksonMI49201	
1910	schl-cou	26010	northwest		3	0	Katie Pitchford	2020-11-03	?	3301	17	6	Y			nwschools.org		517-817-4700	6900 Rives Junction Road JacksonMI49201	
7123	schl-cou	26010	northwest		4	0	Brad Wait	2022-11-08	N	3931	27	6				nwschools.org	bradwait93@gmail.com	517-817-4700	6900 Rives Junction Road JacksonMI49201	
7124	schl-cou	26010	northwest		5	0	Dan Griswold	2022-11-08	N	4132	29	6				nwschools.org	griz4476@gmail.com	517-817-4700	6900 Rives Junction Road JacksonMI49201	
9000	schl-cou	26010	northwest		6	0	Kim Rowe	2024-11-05	?	5048	30	6				nwschools.org		517-817-4700	6900 Rives Junction Road JacksonMI49201	
9001	schl-cou	26010	northwest		7	0	Nick Rush	2024-11-05	?	4092	25	6				nwschools.org		517-817-4700	6900 Rives Junction Road JacksonMI49201	
7129	schl-cou	26280	okemos		1	0	Tom Buffett	2022-11-08	N	5685	22	4	Y			www.okemosk12.net	tom.buffett@okemosk12.net	517-706-5000	4406 Okemos Road, Okemos, MI 48864	
7130	schl-cou	26280	okemos		2	0	Shulawn Doxie	2022-11-08	N	4954	20	4	Y			www.okemosk12.net	Shulawn.doxie@okemosk12.net	517-706-5000	4406 Okemos Road, Okemos, MI 48864	
7131	schl-cou	26280	okemos		3	0	Mary Gebara	2022-11-08	N	6777	27	4	Y			www.okemosk12.net	Mary.gebara@okemosk12.net	517-706-5000	4406 Okemos Road, Okemos, MI 48864	
9012	schl-cou	26280	okemos		4	0	Jason Burns	2024-11-05	?	7002	23	4				www.okemosk12.net	jason.burns@okemosk12.net	(517) 706-5000	4406 Okemos Road, Okemos, MI 48864	
9013	schl-cou	26280	okemos		5	0	Katie Cavanaugh	2024-11-05	?	8098	27	4				www.okemosk12.net	Katie.cavanaugh@okemosk12.net	517-706-5000	4406 Okemos Road, Okemos, MI 48864	
9014	schl-cou	26280	okemos		6	0	Andy Phelps	2024-11-05	?	7150	24	4				https://www.okemosk12.net/board-of-education/contact-the-school-board	andrew.phelps@okemosk12.net	(517) 706-5000	4406 Okemos Road, Okemos, MI 48864	
9015	schl-cou	26280	okemos		7	0	Leeni Shrestha	2024-11-05	?	7013	23	4				https://www.okemosk12.net/board-of-education/contact-the-school-board	leeni.shrestha@okemosk12.net	(517) 706-5000	4406 Okemos Road, Okemos, MI 48864	
9553	town	60800	onondaga	town-clerk	1	0	Marcie Seavolt	2024-11-05	R	1328	98	4				onondagatownship.org	clerk@onondagatownship.org	517-628-2654	4756 Baldwin St PO Box 67 Onondaga, Michigan  49264-0067	
9776	town	60800	onondaga	town-super	1	0	Phil Hutchison	2024-11-05	R	1209	88	4				onondagatownship.org	supervisor@onondagatownship.org	517-628-2654	4756 Baldwin St PO Box 67 Onondaga, Michigan  49264-0067	
9993	town	60800	onondaga	town-treas	1	0	Sara Ammerman	2024-11-05	R	1323	98	4				onondagatownship.org	treasurer@onondagatownship.org	517-628-2654	4756 Baldwin St PO Box 67 Onondaga, Michigan  49264-0067	
10629	town-cou	60800	onondaga	council	1	0	Roger Pete Garner	2024-11-05	R	1169	48	4				onondagatownship.org		517-628-2654	4756 Baldwin St PO Box 67 Onondaga, Michigan  49264-0067	
10630	town-cou	60800	onondaga	council	2	0	John R. Myers	2024-11-05	R	1207	50	4				onondagatownship.org		517-628-2654	4756 Baldwin St PO Box 67 Onondaga, Michigan  49264-0067	
1963	schl-cou	27900	perry		1	0	Charles Scovill	2024-11-05	?	2079	34	4				www.perry.k12.mi.us	charlesscovill@gmail.com	517-625-3108	2665 W Britton Rd, Perry,  MI 48872	
7170	schl-cou	27900	perry		2	0	Catherine L. Hahn	2022-11-08	N	2116	39	4	Y			www.perry.k12.mi.us	chahn0822@aol.com	517-625-3108	2665 W Britton Rd, Perry,  MI 48872	
7171	schl-cou	27900	perry		3	0	William Willson	2022-11-08	N	1793	33	4	Y			www.perry.k12.mi.us		517-625-3108	2665 W Britton Rd, Perry,  MI 48872	
9044	schl-cou	27900	perry		4	0	Mark Ruzinsky	2024-11-05	?	2171	35	4				www.perry.k12.mi.us	mark.ruzinsky@gmail.com	517-625-3108	2665 W Britton Rd, Perry,  MI 48872	
2088	schl-cou	32610	springport		1	0	Alyse Rainey	2022-11-08	?	1233	33	6		R		www.springportschools.net	gabl0618@gmail.com	517-392-3108	300 West Main Street Springport, MI 49284	
2089	schl-cou	32610	springport		2	0	Pamela Lynn Parish	2020-11-03	W	2	0	6			P	www.springportschools.net	pparish@springportschools.net	(517) 857-3495	300 West Main Street Springport, MI 49284	
2090	schl-cou	32610	springport		3	0	Crystal Nowery	2020-11-03	?	1405	43	6	Y			www.springportschools.net	cnowery7@gmail.com	517-395-1279	300 West Main Street Springport, MI 49284	
2091	schl-cou	32610	springport		4	0	David Lightner	2020-11-03	?	1830	56	6	Y			www.springportschools.net	dslightner@yahoo.com	517-857-2554	300 West Main Street Springport, MI 49284	https://dtj5wlj7ond0z.cloudfront.net/uploads/2021/04/HS_Lightner_0421_NSC_0141-scaled.jpg
7269	schl-cou	32610	springport		5	0	Brian Sanford	2022-11-08	?	1250	34	6		R		www.springportschools.net	sanfordak@hotmail.com	517-256-7750	300 West Main Street Springport, MI 49284	
7270	schl-cou	32610	springport		6	0	Rick Adams	2022-11-08	?	1169	32	6		R		www.springportschools.net	radams@springportschools.net	(517) 206-8218	300 West Main Street Springport, MI 49284	
9118	schl-cou	32610	springport		7	0	Dean Dyer	2024-11-05	?	1386	36	6				https://www.springportschools.net/staff?page_no=2	ddyer@springportschools.net	(517) 867-7910	300 West Main Street Springport, MI 49284	
9119	schl-cou	32610	springport		8	0	Jeff Caudill	2024-11-05	?	1369	36	6				www.springportschools.net	jeffcaudill@live.com	517-474-1901	300 West Main Street Springport, MI 49284	
9120	schl-cou	32610	springport		9	0	Vanessa D. Mulnix	2024-11-05	?	1181	54	6			P	www.springportschools.net	vmulnix@springportschools.net	(517) 857-3495	300 West Main Street Springport, MI 49284	
2108	schl-cou	33030	stockbridge		1	0	Jill Marie Ogden	2024-11-05	N	2237	53	6				www.panthernet.net/our-district/boardofeducation	jillredfield1@gmail.com	734-223-6548	100 Price Avenue Ste. A Stockbridge, MI 49285	
2109	schl-cou	33030	stockbridge		2	0	Cynthia Sue Lance	2020-11-03	W	2	0	6	Y			www.panthernet.net/our-district/boardofeducation		(517) 851-7188	100 Price Avenue Ste. A Stockbridge, MI 49285	
2110	schl-cou	33030	stockbridge		3	0	Kary Gee	2020-11-03	N	864	55	6	Y			www.panthernet.net/our-district/boardofeducation	coniferkary@gmail.com	517-206-7503	100 Price Avenue Ste. A Stockbridge, MI 49285	
2111	schl-cou	33030	stockbridge		4	0	Keven Numinen	2020-11-03	N	694	44	6	Y			www.panthernet.net/our-district/boardofeducation	knuminen@gmail.com	313-244-7358	100 Price Avenue Ste. A Stockbridge, MI 49285	
7282	schl-cou	33030	stockbridge		5	0	Carrie E. Graham	2022-11-08	N	1828	52	6				www.panthernet.net/our-district/boardofeducation	carrieegraham@yahoo.com	734-323-1181	100 Price Avenue Ste. A Stockbridge, MI 49285	
7283	schl-cou	33030	stockbridge		6	0	Erin L. Gancer	2022-11-08	N	1654	47	6				www.panthernet.net/our-district/boardofeducation	gancere@panthernet.net	313-702-1574	100 Price Avenue Ste. A Stockbridge, MI 49285	
9140	schl-cou	33030	stockbridge		7	0	Richard D. Ramalia III	2024-11-05	N	1800	43	6				www.panthernet.net/our-district/boardofeducation	rramaliaiii@gmail.com	(517) 851-7188	100 Price Avenue Ste. A Stockbridge, MI 49285	
9596	town	76580	stockbridge	town-clerk	1	0	Becky Muraf	2024-11-05	R	1717	98	4				www.stockbridgetownship.com	Twpclerk@wowway.biz	517-851-7658	125 S Clinton Street PO Box 565 Stockbridge, Michigan  49285	https://www.stockbridgetownship.com/wp-content/uploads/2022/10/Becky-Muraf-scaled-e1666964841822-751x1024.jpg
9816	town	76580	stockbridge	town-super	1	0	CG Lantis	2024-11-05	R	1733	98	4				https://www.stockbridgetownship.com/township-board/	Stockbridgetownship@wowway.biz	(517) 851-7658	118 N Center St, Stockbridge, MI 49285	https://www.stockbridgetownship.com/wp-content/uploads/2022/10/CG-Lantis-scaled-e1666964647418-752x1024.jpg
10035	town	76580	stockbridge	town-treas	1	0	James Wireman	2024-11-05	R	1729	98	4				www.stockbridgetownship.com	Stockbridgetownship@wowway.biz	517-851-9472	125 S Clinton Street PO Box 565 Stockbridge, Michigan  49285	
10793	town-cou	76580	stockbridge	council	1	0	Terry Sue Sommer	2024-11-05	R	1611	51	4				www.stockbridgetownship.com		517-851-7658	125 S Clinton Street PO Box 565 Stockbridge, Michigan  49285	https://www.stockbridgetownship.com/wp-content/uploads/2022/10/Terry-Sommer-scaled-e1666964487210-747x1024.jpg
10794	town-cou	76580	stockbridge	council	2	0	Ed Wetherell	2024-11-05	R	1482	47	4				www.stockbridgetownship.com		517-851-7658	125 S Clinton Street PO Box 565 Stockbridge, Michigan  49285	https://www.stockbridgetownship.com/wp-content/uploads/2022/10/Ed-Wetherell-scaled-e1666371685878-663x1024.jpg
7593	vil	76560	stockbridge	pres	1	0	Jill Marie Ogden	2024-11-05	?	431	95	2	Y			villageofstockbridgemi.gov	president@vosmi.gov	517-851-7435	P.O. Box 155 Stockbridge, MI 48925	
7828	vil-cou	76560	stockbridge	council	1	0	Linda Dyer	2022-11-08	N	294	30	4	Y	R		https://villageofstockbridgemi.gov/	ldyer@vosmi.gov	517-851-7435	P.O. Box 155 Stockbridge, MI 48925	
7829	vil-cou	76560	stockbridge	council	2	0	Myranda Fairbotham	2022-11-08	N	264	27	4	Y	R		villageofstockbridgemi.gov	mfairbotham@vosmi.gov	517-851-7435	P.O. Box 155 Stockbridge, MI 48925	https://stockbridgecommunitynews.com/wp-content/uploads/2024/11/FullCouncil-1000x750.jpg
7830	vil-cou	76560	stockbridge	council	3	0	Molly Howlett	2022-11-08	N	240	25	4	Y	R		villageofstockbridgemi.gov	mhowlett@vosmi.gov	517-851-7435	P.O. Box 155 Stockbridge, MI 48925	
7831	vil-cou	76560	stockbridge	council	4	0	Nelva Jean Lampart	2022-11-08	N	158	16	4	Y	R		villageofstockbridgemi.gov	nlampart@vosmi.gov	517-851-7435	P.O. Box 155 Stockbridge, MI 48925	
11275	vil-cou	76560	stockbridge	council	5	0	Fred Cattell	2024-11-05	?	276	25	4				https://villageofstockbridgemi.gov/council/	fcattell@vosmi.gov	(517) 851-7435	118 N. Center, Stockbridge MI 49285	
11276	vil-cou	76560	stockbridge	council	6	0	Amy Good	2024-11-05	?	273	25	4				https://villageofstockbridgemi.gov/planning-commission/	agood@vosmi.gov	(517) 851-9362	118 N Center St, Stockbridge, MI 49285	
11277	vil-cou	76560	stockbridge	council	7	0	Kim Morehouse	2024-11-05	?	293	27	4				villageofstockbridgemi.gov	kmorehouse@vosmi.gov	517-851-7435	P.O. Box 155 Stockbridge, MI 48925	https://stockbridgecommunitynews.com/wp-content/uploads/2024/11/FullCouncil-1000x750.jpg
11278	vil-cou	76560	stockbridge	council	8	0	Mellisa Powers-Taylor	2024-11-05	?	425	97	4	Y		P	villageofstockbridgemi.gov	mtaylorpowers@vosmi.gov	517-851-7435	P.O. Box 155 Stockbridge, MI 48925	
9609	town	82220	vevay	town-clerk	1	0	JoAnne Kean	2024-11-05	R	1676	98	4				https://www.vevaytownship.org/meet-the-board	clerk@vevaytownship.org	517-676-9523	780 Eden Rd Mason, Michigan  48854	
9829	town	82220	vevay	town-super	1	0	John Lazet	2024-11-05	R	1657	98	4				www.vevaytownship.org	supervisor@vevaytownship.org	517-676-9523	780 Eden Rd Mason, Michigan  48854	
7529	town	82220	vevay	town-treas	1	0	Chris Lewis	2024-11-05	R	1642	98	4	Y			www.vevaytownship.org	treasurer@vevaytownship.org	517-676-9523	780 Eden Rd Mason, Michigan  48854	
10855	town-cou	82220	vevay	council	1	0	Richard Lacasse	2024-11-05	R	1455	48	4				www.vevaytownship.org	trustee2@vevaytownship.org	517-676-9523	780 Eden Rd Mason, Michigan  48854	
10856	town-cou	82220	vevay	council	2	0	Patricia McNeilly	2024-11-05	R	1538	50	4				www.vevaytownship.org	trustee1@vevaytownship.org	517-676-9523	780 Eden Rd Mason, Michigan  48854	
2179	schl-cou	35520	waverly		1	0	Andrea Torres	2024-11-05	?	1300	33	4		R		www.waverlycommunityschools.net	atorres@waverlyk12.net	(517) 321-7265	515 Snow Rd. Lansing MI 48917	
2180	schl-cou	35520	waverly		2	0	Emily J. Lenneman	2024-11-05	?	1267	32	4		R		www.waverlycommunityschools.net	elenneman@waverlyk12.net	(517) 321-7265	515 Snow Rd. Lansing MI 48917	
7344	schl-cou	35520	waverly		3	0	Alicia Guevara-Warren	2022-11-08	N	814	17	4	Y	R		www.waverlycommunityschools.net	awarren@waverlyk12.net	(517) 371-9000	515 Snow Rd. Lansing MI 48917	https://www.ecic4kids.org/wp-content/uploads/2019/09/Alicia-Guevara-Warren-e1568321469382-300x300.jpg
7345	schl-cou	35520	waverly		4	0	Debbie Lopez	2022-11-08	N	1020	22	4	Y	R		https://www.waverlycommunityschools.net/board-of-education/board-members/	dlopez@waverlyk12.net	(517) 321-7265	0587 Federal Office Building U.S. Post Office and U.S. Courthouse 410 W Michigan Ave, Kalamazoo, MI 49007-3757	
7346	schl-cou	35520	waverly		5	0	Mary Ann Martin	2022-11-08	N	885	19	4	Y	R		www.waverlycommunityschools.net	mmartin@waverlyk12.net	(517) 485-3417	1045 Independence Blvd, Charlotte, MI 48813	
7347	schl-cou	35520	waverly		6	0	Vincent Perkins	2022-11-08	N	711	15	4	Y	R		www.waverlycommunityschools.net	vperkins@waverlyk12.net	(517) 719-7060	334 Green Meadows Dr, Lansing MI 48917	
7348	schl-cou	35520	waverly		7	0	Catherine M. Pike	2024-11-05	?	1243	32	4				www.waverlycommunityschools.net	cpike@waverlyk12.net	(517) 321-7265	515 Snow Rd. Lansing MI 48917	
9219	schl-cou	35520	waverly		8	0	Ty Liggons	2024-11-05	?	1530	98	4	Y		P	www.waverlycommunityschools.net	tliggons@waverlyk12.net	(517) 321-7265	515 Snow Rd. Lansing MI 48917	
7353	schl-cou	35730	webberville		1	0	Linda Erwin	2022-11-08	N	610	20	4	Y			www.webbervilleschools.org	lerwin@webbervilleschools.org	517-521-3422	309 E Grand River Ave, Webberville, MI 48892	
7354	schl-cou	35730	webberville		2	0	Kelly M. Lott	2022-11-08	N	881	30	4	Y			www.webbervilleschools.org	klott@webbervilleschools.org	517-521-3422	309 E Grand River Ave, Webberville, MI 48892	
7355	schl-cou	35730	webberville		3	0	Heather N. Musolf	2022-11-08	N	885	30	4	Y			www.webbervilleschools.org	hmusolf@webbervilleschools.org	517-521-3422	309 E Grand River Ave, Webberville, MI 48892	
9220	schl-cou	35730	webberville		4	0	Jennifer Lycos	2024-11-05	?	1149	47	4				www.webbervilleschools.org	jlycos@webbervilleschools.org	517-521-3422	309 E Grand River Ave, Webberville, MI 48892	
9221	schl-cou	35730	webberville		5	0	Daneille Rhodes	2024-11-05	?	1167	48	4				www.webbervilleschools.org	drhodes@webbervilleschools.org	517-521-3422	309 E Grand River Ave, Webberville, MI 48892	
7596	vil	85080	webberville	pres	1	0	Sam Schulte	2024-11-05	?	334	56	2	Y			https://webbervillemi.com/village-council/		(517) 202-5207	115 S Main St Webberville, MI 48892	https://webbervillemi.com/wp-content/uploads/2025/08/Sam-Schulte-300x298.jpeg
7866	vil-cou	85080	webberville	council	1	0	Lana Stanfield	2022-11-08	N	223	53	4	Y			webbervillemi.com	lstanfield@webbvill.com	517-521-3984	115 S Main St Webberville, MI 48892	
11316	vil-cou	85080	webberville	council	2	0	Deborah A. Walter	2024-11-05	?	483	97	4				webbervillemi.com	dwalter@webbvill.com	517-521-3984	115 S Main St Webberville, MI 48892	
11317	vil-cou	85080	webberville	council	3	0	Sandra Schoenborn	2024-11-05	?	496	95	2	Y			webbervillemi.com	sschoenborn@webbvill.com	517-521-3984	115 S Main St Webberville, MI 48892	
9836	town	86520	wheatfield	town-super	1	0	Norm Grant	2024-11-05	R	783	97	4				https://wheatfieldtwpmi.gov/boards-2/	supervisor@wheatfieldtwpmi.gov	(517) 655-4161	985 East Holt Road, Williamston, MI 48895	
10055	town	86520	wheatfield	town-treas	1	0	Jessie Schmidt	2024-11-05	R	770	98	4				https://wheatfieldtwpmi.gov/officials/	treasurer@wheatfieldtwpmi.gov	(517) 655-4161	985 E. Holt Road Williamston, MI 48895	
10889	town-cou	86520	wheatfield	council	1	0	Rocky Hitchcock	2024-11-05	N	528	59	4				https://wheatfieldtwpmi.gov/officials/	supervisor@wheatfieldtwpmi.gov	(517) 655-4161	4161 Address 985 East Holt Road, Williamston, MI 48895	
10890	town-cou	86520	wheatfield	council	2	0	Troy W. Leonard	2024-11-05	N	349	39	4				https://wheatfieldtwpmi.gov/officials/	supervisor@wheatfieldtwpmi.gov	(517) 655-4161	4161 Address 985 East Holt Road, Williamston, MI 48895	
9617	town	86900	white oak	town-clerk	1	0	Leela A. Vernon	2024-11-05	R	594	98	4				www.whiteoaktwp.org	ingwotclerk@gmail.com	517-851-8764	1002 S M-52 Webberville, Michigan  48892	
9838	town	86900	white oak	town-super	1	0	Dorwin E. Marshall	2024-11-05	R	594	98	4				www.whiteoaktwp.org		517-851-8764	1002 S M-52 Webberville, Michigan  48892	
10057	town	86900	white oak	town-treas	1	0	Brigitte Doxtator	2024-11-05	D	387	91	4				www.whiteoaktwp.org		517-851-8764	1002 S M-52 Webberville, Michigan  48892	
10894	town-cou	86900	white oak	council	1	0	Diane M. Graf	2024-11-05	R	577	50	4				www.whiteoaktwp.org		517-851-8764	1002 S M-52 Webberville, Michigan  48892	
10895	town-cou	86900	white oak	council	2	0	John Kemler	2024-11-05	R	555	48	4				www.whiteoaktwp.org		517-851-8764	1002 S M-52 Webberville, Michigan  48892	
6452	city-cou	87420	williamston		1	0	Terry Hansen	2022-11-08	N	1070	50	4	Y			williamston-mi.us	thansen@williamston-mi.us	517-655-2774	161 E Grand River Ave Williamston, Michigan  48895	
6453	city-cou	87420	williamston		2	0	Scott Van Allsburg	2022-11-08	N	1052	49	4	Y			williamston-mi.us	svanallsburg@williamston-mi.us	(517) 655-3193	161 East Grand River Avenue, Williamston MI	
8292	city-cou	87420	williamston		3	0	Tammy Gilroy	2024-11-05	?	1321	28	4				williamston-mi.us	tgilroy@williamston-mi.us	(517) 655-2774	161 East Grand River Avenue, Williamston MI	
8293	city-cou	87420	williamston		4	0	John D. Haynes	2024-11-05	?	1100	23	4				williamston-mi.us	jhaynes@williamston-mi.us	517-655-2774	161 East Grand River Avenue, Williamston, MI	
8294	city-cou	87420	williamston		5	0	Tim Ludwig	2024-11-05	?	1061	22	4				https://www.williamstonmi.gov/	tludwig@williamston-mi.us	517-655-2774	161 E Grand River Ave Williamston, Michigan  48895	
8295	city-cou	87420	williamston		6	0	Daniel Rhines	2024-11-05	?	1074	23	4				williamston-mi.us	drhines@williamston-mi.us	517-655-2774	161 E Grand River Ave Williamston, Michigan  48895	
7376	schl-cou	36420	williamston		1	0	Sarah Belanger	2022-11-08	N	2767	29	6				www.gowcs.net/domain/36	WCSBoard@gowcs.net	(517) 371-5600	418 Highland Street, Williamston, MI 48895	https://alpha.creativecirclecdn.com/citypulse/original/20220925-145849-Sarah%20Belanger.jpg
7377	schl-cou	36420	williamston		2	0	Christopher Lewis	2022-11-08	N	2601	27	6				www.gowcs.net/domain/36	WCSBoard@gowcs.net	(517) 371-5600	418 Highland Street, Williamston, MI 48895	
7378	schl-cou	36420	williamston		3	0	Deborah Sue Wolf	2024-11-05	?	2780	27	6				www.gowcs.net/domain/36	WCSBoard@gowcs.net	(248) 500-1790	418 Highland Street, Williamston, MI 48895	
9248	schl-cou	36420	williamston		4	0	Heather Gorsline	2024-11-05	?	3568	35	6				www.gowcs.net/domain/36	WCSBoard@gowcs.net	(517) 655-3203	49 view more Addresses 545 Cedar Ridge Dr, Williamston, MI 48895	
9620	town	87440	williamstown	town-clerk	1	0	Robin A. Cleveland	2024-11-05	D	1810	50	4				williamstownmi.gov	elections@williamstowntownship.com	517-655-3193	4990 Zimmer Rd Williamston, Michigan  48895	https://williamstownmi.gov/wp-content/uploads/2022/08/11-29-2020_3_48_29_Robin-Township-website1-1.jpg
9841	town	87440	williamstown	town-super	1	0	Ron Poth	2024-11-05	R	1811	50	4				https://williamstownmi.gov/supervisor/	ron@williamstownmi.gov	(517) 655-3193	4990 Zimmer Road, Williamston, MI 48895	https://williamstownmi.gov/wp-content/uploads/2025/01/Ron-Poth.jpeg
10060	town	87440	williamstown	town-treas	1	0	Kim VanErp	2024-11-05	R	2305	98	4				https://williamstownmi.gov/treasurers-office/	kim@williamstownmi.gov	(517) 655-3193	4990 Zimmer Road, Williamston, MI 48895-8180	
10902	town-cou	87440	williamstown	council	1	0	Jim Brinker	2024-11-05	D	1786	16	4				https://williamstownmi.gov/trustees/	jimb@williamstownmi.gov	(517) 655-3193	4990 Zimmer Road, Williamston, MI 48895	https://williamstownmi.gov/wp-content/uploads/2026/01/Jim-Brinker-Trustee-1-2027-683x1024.jpg
10903	town-cou	87440	williamstown	council	2	0	Mark Steinberg	2024-11-05	D	1830	16	4				williamstownmi.gov	steinberg@williamstowntownship.com	517-655-3193	4990 Zimmer Rd Williamston, Michigan  48895	https://williamstownmi.gov/wp-content/uploads/2022/08/11-29-2020_3_22_42_Mark-Steinberg.jpeg
10904	town-cou	87440	williamstown	council	3	0	Keith Creagh	2024-11-05	R	1920	17	4				williamstownmi.gov	creaghk@williamstowntownship.com	517-655-3193	4990 Zimmer Rd Williamston, Michigan  48895	https://williamstownmi.gov/wp-content/uploads/2022/08/11-29-2020_3_25_22_Creagh-2.jpg
10905	town-cou	87440	williamstown	council	4	0	Kevin Duffy	2024-11-05	R	1920	17	4				williamstownmi.gov	duffyk@williamstowntownship.com	517-655-3193	4990 Zimmer Rd Williamston, Michigan  48895	https://williamstownmi.gov/wp-content/uploads/2022/08/10-20-2017_10_54_29_kevin-duffy.jpg
