id	org	district	locale	office	seatnum	subdist	name	elected	party	votes_C	pct	termlen	open	Res	Part	status	web	email	phone	address	headshot	termlen_original	seatnum_original	seatmax
696	cnty	81		atty	1	0	Chris Becker	2024-11-05	R	189941	53	4	 		 		www.accesskent.com/Courts/Prosecutor		616-632-6710	82 Ionia Avenue Northwest, Grand Rapids MI 49503		4	1	1
746	cnty	81		clerkreg	1	0	Lisa Posthumus Lyons	2024-11-05	R	193878	54	4	 		 		www.accesskent.com/Departments/CountyClerk	clerk-register@kentcountymi.gov	616-632-7640	300 Monroe Avenue Northwest, Grand Rapids MI 49503		4	1	1
768	cnty	81		drain	1	0	Ken Yonker	2024-11-05	R	185420	52	4	 		 		www.accesskent.com/Departments/DrainCommissioner	ken.yonker@kentcountymi.gov	616-632-7910	775 Ball Avenue Northeast, Grand Rapids MI 49503		4	1	1
843	cnty	81		sheriff	1	0	Michelle LaJoye-Young	2024-11-05	R	243204	95	4	 		 		www.accesskent.com/Sheriff	kentsheriff@kentcountymi.gov	616-632-6100	701 Ball Avenue Northeast, Grand Rapids MI 49503		4	1	1
896	cnty	81		treas	1	0	Peter MacGregor	2024-11-05	R	189926	53	4	 		 		www.accesskent.com/Departments/Treasurer	kctreasurer@kentcountymi.gov	616-632-7500	300 Monroe Avenue Northwest, Grand Rapids MI 49503		4	1	1
1040	cnty-com	81			1	1	Ben Greene	2024-11-05	R	11464	61	4	 		 		www.accesskent.com/Departments/BOC/members.htm	ben.greene@kentcountymi.gov	616-632-7580	300 Monroe Avenue Northwest, Grand Rapids MI 49503		4	1	1
1041	cnty-com	81			1	2	Elizabeth Morse	2024-11-05	R	10692	63	4	 		 		www.accesskent.com/Departments/BOC/members.htm			300 Monroe Avenue Northwest, Grand Rapids MI 49503		4	1	1
1042	cnty-com	81			1	3	Jenn Merchant	2024-11-05	R	15391	98	4	 		 		www.accesskent.com/Departments/BOC/members.htm	jennifer.merchant@kentcountymi.gov	616-632-7580	300 Monroe Avenue Northwest, Grand Rapids MI 49503		4	1	1
1043	cnty-com	81			1	4	Katie DeBoer	2024-11-05	R	13781	64	4	 		 		www.accesskent.com/Departments/BOC/members.htm	katie.deboer@kentcountymi.gov	616-632-7580	300 Monroe Avenue Northwest, Grand Rapids MI 49503		4	1	1
1044	cnty-com	81			1	5	Dave Hildenbrand	2024-11-05	R	12404	60	4	 		 		www.accesskent.com/Departments/BOC/members.htm	dave.hildenbrand@kentcountymi.gov	616-632-7580	300 Monroe Avenue Northwest, Grand Rapids MI 49503		4	1	1
1045	cnty-com	81			1	6	Stan Stek	2024-11-05	R	10487	55	4	 		 		www.accesskent.com/Departments/BOC/members.htm	stan.stek@kentcountymi.gov	616-632-7580	300 Monroe Avenue Northwest, Grand Rapids MI 49503		4	1	1
1046	cnty-com	81			1	7	Stan Ponstein	2024-11-05	R	8910	53	4	 		 		www.accesskent.com/Departments/BOC/members.htm	stan.ponstein@kentcountymi.gov	616-632-7580	300 Monroe Avenue Northwest, Grand Rapids MI 49503		4	1	1
1047	cnty-com	81			1	8	Dan Burrill	2024-11-05	R	9198	54	4	 		 		www.accesskent.com/Departments/BOC/members.htm	dan.burrill@kentcountymi.gov	616-632-7580	300 Monroe Avenue Northwest, Grand Rapids MI 49503		4	1	1
1048	cnty-com	81			1	9	Matt Kallman	2024-11-05	R	13873	97	4	 		 		www.accesskent.com/Departments/BOC/members.htm	matt.kallman@kentcountymi.gov	616-632-7580	300 Monroe Avenue Northwest, Grand Rapids MI 49503		4	1	1
1049	cnty-com	81			1	10	Robin Halsted	2024-11-05	R	9821	58	4	 		 		www.accesskent.com/Departments/BOC/members.htm			300 Monroe Avenue Northwest, Grand Rapids MI 49503		4	1	1
1050	cnty-com	81			1	11	Lindsey Thiel	2024-11-05	R	12092	58	4	 		 		www.accesskent.com/Departments/BOC/members.htm	lindsey.thiel@kentcountymi.gov	616-632-7580	300 Monroe Avenue Northwest, Grand Rapids MI 49503		4	1	1
1051	cnty-com	81			1	12	Monica Sparks	2024-11-05	D	8056	59	4	 		 		www.accesskent.com/Departments/BOC/members.htm	monica.sparks@kentcountymi.gov	616-632-7580	300 Monroe Avenue Northwest, Grand Rapids MI 49503		4	1	1
1052	cnty-com	81			1	13	Michelle McCloud	2024-11-05	D	9287	60	4	 		 		www.accesskent.com/Departments/BOC/members.htm	michelle.mccloud@kentcountymi.gov	616-632-7580	300 Monroe Avenue Northwest, Grand Rapids MI 49503		4	1	1
1053	cnty-com	81			1	14	Carol M. Hennessy	2024-11-05	D	9454	64	4	 		 		www.accesskent.com/Departments/BOC/members.htm	carol.hennessy@kentcountymi.gov	616-632-7580	300 Monroe Avenue Northwest, Grand Rapids MI 49503		4	1	1
1054	cnty-com	81			1	15	Lisa S. Oliver-King	2024-11-05	D	8597	63	4	 		 		www.accesskent.com/Departments/BOC/members.htm	lisa.oliver-king@kentcountymi.gov	616-632-7580	300 Monroe Avenue Northwest, Grand Rapids MI 49503		4	1	1
1055	cnty-com	81			1	16	Melissa LaGrand	2024-11-05	D	11260	75	4	 		 		www.accesskent.com/Departments/BOC/members.htm	melissa.lagrand@kentcountymi.gov	616-632-7580	300 Monroe Avenue Northwest, Grand Rapids MI 49503		4	1	1
1056	cnty-com	81			1	17	Robert Womack	2024-11-05	D	10728	82	4	 		 		www.accesskent.com/Departments/BOC/members.htm			300 Monroe Avenue Northwest, Grand Rapids MI 49503		4	1	1
1057	cnty-com	81			1	18	Steve Faber	2024-11-05	D	10753	61	4	 		 		www.accesskent.com/Departments/BOC/members.htm			300 Monroe Avenue Northwest, Grand Rapids MI 49503		4	1	1
1058	cnty-com	81			1	19	Kris Pachla	2024-11-05	D	13298	71	4	 		 		www.accesskent.com/Departments/BOC/members.htm	kristofer.pachla@kentcountymi.gov	616-632-7580	300 Monroe Avenue Northwest, Grand Rapids MI 49503		4	1	1
6525	cnty-com	81			1	20	Nancy L. Morales	2024-11-05	D	5444	65	4	 		 							4	1	1
6526	cnty-com	81			1	21	Walter Bujak	2024-11-05	R	15342	98	4	 		 							4	1	1
2455	town	240	ada	town-clerk	1	0	Jo DeMarco	2024-11-05	R	5217	56	4	 		 							4	1	1
3120	town	240	ada	town-super	1	0	Thomas Korth	2024-11-05	R	6551	98	4	 		 							4	1	1
3741	town	240	ada	town-treas	1	0	Kevin W. Moran	2024-11-05	R	6558	98	4	 		 		http://adamichigan.org/township/government/elected-officials	kmoran@adatownshipmi.com	616-676-9191	7330 Thornapple River Dr PO Box 370 Ada, Michigan  49301		4	1	1
4447	town-cou	240	ada	council	4	0	Daniel L. Carter	2024-11-05	R	5799	24	4	 		 		http://adamichigan.org/township/government/elected-officials	dlc@dancarteradvisors.com	616-446-5230	7330 Thornapple River Dr PO Box 370 Ada, Michigan  49301		4	1	4
10229	town-cou	240	ada	council	4	0	Erin Damstra	2024-11-05	R	5930	25	4	 		 							4	2	4
10230	town-cou	240	ada	council	4	0	Daniel Hurwitz	2024-11-05	R	5735	24	4	 		 		http://adamichigan.org/township/government/elected-officials	djhurwitz@adatownshipmi.com		7330 Thornapple River Dr PO Box 370 Ada, Michigan  49301		4	3	4
10231	town-cou	240	ada	council	4	0	Robert Proos	2024-11-05	R	5645	24	4	 		 		http://adamichigan.org/township/government/elected-officials	rproos@adatownshipmi.com		7330 Thornapple River Dr PO Box 370 Ada, Michigan  49301		4	4	4
2359	town	1160	algoma	town-clerk	1	0	Tim Spitler	2024-11-05	R	5743	98	4	 		 		www.algomatwp.org	clerk@algomatwp.org	616-433-1428	10531 Algoma Ave NE Rockford, Michigan 49341		4	1	1
3023	town	1160	algoma	town-super	1	0	Kevin J. Green	2024-11-05	R	5746	98	4	 		 		www.algomatwp.org	supervisor@algomatwp.org	616-433-1426	10531 Algoma Ave NE Rockford, Michigan  49341		4	1	1
3643	town	1160	algoma	town-treas	1	0	Eric Alderman	2024-11-05	R	5691	98	4	 		 							4	1	1
4275	town-cou	1160	algoma	council	4	0	Elizabeth A. Johnson	2024-11-05	R	5235	25	4	 		 		www.algomatwp.org	ejohnson@algomatwp.org	616-302-7650	10531 Algoma Ave NE Rockford, Michigan  49341		4	1	4
10090	town-cou	1160	algoma	council	4	0	Gordon L. Pickerd	2024-11-05	R	5074	24	4	 		 		www.algomatwp.org	gpickerd@algomatwp.org	616-401-1862	10531 Algoma Ave NE Rockford, Michigan  49341		4	2	4
10091	town-cou	1160	algoma	council	4	0	James Powell	2024-11-05	R	5026	24	4	 		 		www.algomatwp.org	jpowell@algomatwp.org	616-866-4693	10531 Algoma Ave NE Rockford, Michigan  49341		4	3	4
10092	town-cou	1160	algoma	council	4	0	Steve Rikkers	2024-11-05	R	4910	24	4	 		 		www.algomatwp.org	srikkers@algomatwp.org	616-291-6912	10531 Algoma Ave NE Rockford, Michigan  49341		4	4	4
2427	town	1840	alpine	town-clerk	1	0	Christy Mitchell	2024-11-05	R	4954	95	4	 		 		www.alpinetwp.org/government/clerk	clerk@alpinetwp.org	616-784-1262	5255 Alpine Ave NW Comstock Park, Michigan  49321		4	1	1
3092	town	1840	alpine	town-super	1	0	Greg Madura	2024-11-05	R	4969	95	4	 		 		www.alpinetwp.org/government/supervisor.php	g.madura@alpinetwp.org	616-784-1262	5255 Alpine Ave NW Comstock Park, Michigan  49321		4	1	1
3712	town	1840	alpine	town-treas	1	0	Beth Alt	2024-11-05	R	4989	95	4	 		 		www.alpinetwp.org/government/treasurer	b.alt@alpinetwp.org	616-784-1262	5255 Alpine Ave NW Comstock Park, Michigan  49321		4	1	1
4394	town-cou	1840	alpine	council	4	0	Ronald C. Cordes	2024-11-05	R	4022	22	4	 		 							4	1	4
10189	town-cou	1840	alpine	council	4	0	Rob Trinity Scheidel	2024-11-05	R	4026	22	4	 		 		www.alpinetwp.org/government/planning_and_zoning/township_board.php	admin@alpinetwp.org	616-784-1262	5255 Alpine Ave NW Comstock Park, Michigan  49321		4	2	4
10190	town-cou	1840	alpine	council	4	0	William J. Schweitzer	2024-11-05	R	3879	21	4	 		 		www.alpinetwp.org/government/planning_and_zoning/township_board.php	admin@alpinetwp.org	616-784-1262	5255 Alpine Ave NW Comstock Park, Michigan  49321		4	3	4
10191	town-cou	1840	alpine	council	4	0	Jean Wahlfield	2024-11-05	R	4061	22	4	 		 							4	4	4
2240	schl-cou	4530	belding		4	0	Shannon Hummel	2020-11-03	?	732	41	6	Y		 		www.bas-k12.org/District/Department/7-Board-of-Education					6	1	4
7412	schl-cou	4530	belding		4	0	Keven Krieger	2022-11-08	?	565	22	6	 		 		www.bas-k12.org/District/Department/7-Board-of-Education					6	2	4
9287	schl-cou	4530	belding		4	0	Sarah Tappon Foss	2024-11-05	?	863	49	6	 		 							6	3	4
9288	schl-cou	4530	belding		4	0	Douglas W. Lamborne	2024-11-05	?	858	49	6	 		 		www.bas-k12.org/District/Department/7-Board-of-Education					6	4	4
2953	town	9780	bowne	town-clerk	1	0	Karen Hendrick	2024-11-05	R	1830	99	4	 		 		www.bownetwp.org/board-committee	clerk@bownetwp.org	616-868-6846	8240 Alden Nash PO Box 35 Alto, Michigan  49302		4	1	1
3622	town	9780	bowne	town-super	1	0	Randy Wilcox	2024-11-05	R	1838	99	4	 		 		www.bownetwp.org/board-committee	supervisor@bownetwp.org	616-868-6846	8240 Alden Nash PO Box 35 Alto, Michigan  49302		4	1	1
4242	town	9780	bowne	town-treas	1	0	Bonnie S. Lent-Davis	2024-11-05	R	1804	99	4	 		 		www.bownetwp.org/board-committee	treasurer@bownetwp.org	616-868-6846	8240 Alden Nash PO Box 35 Alto, Michigan  49302		4	1	1
5368	town-cou	9780	bowne	council	2	0	Bob Flynn	2024-11-05	R	1726	50	4	 		 		www.bownetwp.org/board-committee		616-868-6846	8240 Alden Nash PO Box 35 Alto, Michigan  49302		4	1	2
10933	town-cou	9780	bowne	council	2	0	David Fuss	2024-11-05	R	1654	48	4	 		 		www.bownetwp.org/board-committee		616-868-6846	8240 Alden Nash PO Box 35 Alto, Michigan  49302		4	2	2
2366	town	12240	byron	town-clerk	1	0	Peggy Sattler	2024-11-05	R	13017	97	4	 		 		www.byrontownship.org/government/township_board	peggy@byrontownship.org	616-878-6011	8085 Byron Center Ave SW Byron Center, Michigan  49315		4	1	1
3030	town	12240	byron	town-super	1	0	Donald Tillema	2024-11-05	R	12898	97	4	 		 		www.byrontownship.org/government/township_board	amos@byrontownship.org	616-878-1222	8085 Byron Center Ave SW Byron Center, Michigan  49315		4	1	1
3650	town	12240	byron	town-treas	1	0	Becky Beld	2024-11-05	R	12883	97	4	 		 							4	1	1
4284	town-cou	12240	byron	council	4	0	Jay DeKleine	2024-11-05	R	11571	24	4	 		 		www.byrontownship.org/government/township_board		616-878-9066	8085 Byron Center Ave SW Byron Center, Michigan  49315		4	1	4
10102	town-cou	12240	byron	council	4	0	Tom Hooker	2024-11-05	R	11791	25	4	 		 		www.byrontownship.org/government/township_board		616-878-9066	8085 Byron Center Ave SW Byron Center, Michigan  49315		4	2	4
10103	town-cou	12240	byron	council	4	0	Marty Tilma	2024-11-05	R	11673	24	4	 		 		www.byrontownship.org/government/township_board		616-878-9066	8085 Byron Center Ave SW Byron Center, Michigan  49315		4	3	4
10104	town-cou	12240	byron	council	4	0	Scott Tubergen	2024-11-05	R	11537	24	4	 		 		www.byrontownship.org/government/township_board		616-878-9066	8085 Byron Center Ave SW Byron Center, Michigan  49315		4	4	4
2296	schl-cou	7560	byron center		5	0	Brenda Hondorp	2024-11-05	?	8265	15	4	 		 		www.bcpsk12.net/district/board-of-education		616-878-6111			4	1	5
7470	schl-cou	7560	byron center		5	0	Thalia Tilma	2022-11-08	?	5963	17	4	Y		 		www.bcpsk12.net/district/board-of-education		616-878-6111			4	2	5
9354	schl-cou	7560	byron center		5	0	Rob Hughes	2024-11-05	?	7059	12	4	 		 							4	3	5
9355	schl-cou	7560	byron center		5	0	Tom McCoy	2024-11-05	?	7207	13	4	 		 							4	4	5
9356	schl-cou	7560	byron center		5	0	Tim Oberst	2024-11-05	?	7284	13	4	 		 							4	5	5
2300	schl-cou	7620	caledonia		7	0	Brittany N. Barber Garcia	2020-11-03	?	4732	22	6	Y		 		www.calschools.org/our-district/board-of-education					6	1	7
2301	schl-cou	7620	caledonia		7	0	Katie lsic	2020-11-03	?	3092	14	6	Y		 		www.calschools.org/our-district/board-of-education					6	2	7
7472	schl-cou	7620	caledonia		7	0	Jennifer Nichols	2022-11-08	?	6391	19	6	 		 		www.calschools.org/our-district/board-of-education					6	3	7
7473	schl-cou	7620	caledonia		7	0	John Brandow	2022-11-08	?	5583	16	6	 		 		www.calschools.org/our-district/board-of-education					6	4	7
7474	schl-cou	7620	caledonia		7	0	Tim Morris	2022-11-08	?	6316	18	6	 		 		www.calschools.org/our-district/board-of-education					6	5	7
9359	schl-cou	7620	caledonia		7	0	Shawn Collins	2024-11-05	?	6115	26	6	 		 							6	6	7
9360	schl-cou	7620	caledonia		7	0	Jessica Kohn	2024-11-05	?	7030	30	6	 		 							6	7	7
2367	town	12500	caledonia	town-clerk	1	0	Joni R. Henry	2024-11-05	R	7790	98	4	 		 		www.caledoniatownship.org/235/Clerk	jhenry@caledoniatownship.org	616-891-0070	8196 Broadmoor Ave Caledonia, Michigan  49316-0296		4	1	1
3031	town	12500	caledonia	town-super	1	0	Bryan Harrison	2024-11-05	R	7841	98	4	 		 		www.caledoniatownship.org/247/Supervisor	brotherbryanmail@yahoo.com	616-891-0070	8196 Broadmoor Ave Caledonia, Michigan  49316-0296		4	1	1
3651	town	12500	caledonia	town-treas	1	0	Richard C. Robertson	2024-11-05	R	7656	98	4	 		 		www.caledoniatownship.org/248/Treasurer	rrobertson@caledoniatownship.org	616-891-0070	8196 Broadmoor Ave Caledonia, Michigan  49316-0296		4	1	1
4285	town-cou	12500	caledonia	council	4	0	Tim Bradshaw	2024-11-05	R	7096	25	4	 		 		www.caledoniatownship.org/230/Township-Board-of-Trustees		616-891-0070	8196 Broadmoor Ave Caledonia, Michigan  49316-0296		4	1	4
10106	town-cou	12500	caledonia	council	4	0	Dale E. Hermenet	2024-11-05	R	6686	24	4	 		 		www.caledoniatownship.org/230/Township-Board-of-Trustees		616-891-0070	8196 Broadmoor Ave Caledonia, Michigan  49316-0296		4	2	4
10107	town-cou	12500	caledonia	council	4	0	Richard Snoeyink	2024-11-05	R	6650	24	4	 		 		www.caledoniatownship.org/230/Township-Board-of-Trustees		616-891-0070	8196 Broadmoor Ave Caledonia, Michigan  49316-0296		4	3	4
10108	town-cou	12500	caledonia	council	4	0	Greg Zoller	2024-11-05	R	6705	24	4	 		 		www.caledoniatownship.org/230/Township-Board-of-Trustees		616-891-0070	8196 Broadmoor Ave Caledonia, Michigan  49316-0296		4	4	4
5406	vil	12480	caledonia	pres	1	0	Jennifer Lindsey	2024-11-05	?	677	96	2	Y		 		www.villageofcaledonia.org/village-council		616-891-9384			2	1	1
5560	vil-cou	12480	caledonia	council	5	0	Daniel L. Erskine	2020-11-03	?	518	48	2	?		 		www.villageofcaledonia.org/village-council		616-891-9384			0	1	5
7615	vil-cou	12480	caledonia	council	5	0	Gerrianne Schuler	2022-11-08	?	500	43	2	?		 		www.villageofcaledonia.org/village-council		616-891-9384			0	2	5
10990	vil-cou	12480	caledonia	council	5	0	Nikki Daley	2024-11-05	?	469	25	2	?		 							0	3	5
10991	vil-cou	12480	caledonia	council	5	0	Daniel L. Erskine	2024-11-05	?	355	19	2	?		 							0	4	5
10992	vil-cou	12480	caledonia	council	5	0	Cheryl Miller	2024-11-05	?	370	20	2	?		 		www.villageofcaledonia.org/village-council		616-891-9384			0	5	5
2374	town	13080	cannon	town-clerk	1	0	James Alles	2024-11-05	R	7620	98	4	 		 		www.cannontwp.org/township-board	jalles@cannontwp.org	616-884-2207	6878 Belding Rd NE Rockford, Michigan  49341-8797		4	1	1
3038	town	13080	cannon	town-super	1	0	Steve Grimm	2024-11-05	R	7639	98	4	 		 		www.cannontwp.org/township-board	sgrimm@cannontwp.org	616-874-6966	6878 Belding Rd NE Rockford, Michigan  49341-8797		4	1	1
3658	town	13080	cannon	town-treas	1	0	David H. Spencer	2024-11-05	R	7556	98	4	 		 		www.cannontwp.org/township-board	dspencer@cannontwp.org	616-884-2201	6878 Belding Rd NE Rockford, Michigan  49341-8797		4	1	1
4297	town-cou	13080	cannon	council	4	0	Cy Balk	2024-11-05	R	6310	19	4	 		 		www.cannontwp.org/township-board	cbalk@cannontwp.org	616-874-6966	6878 Belding Rd NE Rockford, Michigan  49341-8797		4	1	4
10114	town-cou	13080	cannon	council	4	0	Henry Jay Betten	2024-11-05	R	6104	18	4	 		 		www.cannontwp.org/township-board	hbetten@cannontwp.org	616-283-7395	6878 Belding Rd NE Rockford, Michigan  49341-8797		4	2	4
10115	town-cou	13080	cannon	council	4	0	Jessica Gutowski-Slaydon	2024-11-05	R	6744	20	4	 		 							4	3	4
10116	town-cou	13080	cannon	council	4	0	Todd Olson	2024-11-05	R	6301	18	4	 		 							4	4	4
2379	town	13660	cascade	town-clerk	1	0	Susan B. Slater	2024-11-05	R	9288	98	4	 		 		www.cascadetwp.com/government/township-board	sslater@cascadetwp.com	616-949-1500	5920 Tahoe Dr SE Grand Rapids, Michigan  49546		4	1	1
3043	town	13660	cascade	town-super	1	0	Grace Lesperance	2024-11-05	R	9319	97	4	 		 		www.cascadetwp.com/government/township-supervisor	glesperance@cascadetwp.com	616-949-1501	5920 Tahoe Dr SE Grand Rapids, Michigan  49546		4	1	1
3663	town	13660	cascade	town-treas	1	0	Windy J. Korstange	2024-11-05	R	9158	98	4	 		 		www.cascadetwp.com/government/township-board	wkorstange@cascadetwp.com	616-949-1500	5920 Tahoe Dr SE Grand Rapids, Michigan  49546		4	1	1
4307	town-cou	13660	cascade	council	4	0	Timmy Noordhoek	2024-11-05	R	7399	17	4	 		 		www.cascadetwp.com/government/township-board	tnoordhoek@cascadetwp.com	616-949-1500	5920 Tahoe Dr SE Grand Rapids, Michigan  49546		4	1	4
10122	town-cou	13660	cascade	council	4	0	Chris Noordyke	2024-11-05	R	7790	18	4	 		 							4	2	4
10123	town-cou	13660	cascade	council	4	0	Scott Rissi	2024-11-05	R	7603	17	4	 		 							4	3	4
10124	town-cou	13660	cascade	council	4	0	John Michael Shipley	2024-11-05	R	7123	16	4	 		 		www.cascadetwp.com/government/township-board	jshipley@cascadetwp.com	616-949-1500	5920 Tahoe Dr SE Grand Rapids, Michigan  49546		4	4	4
7583	vil	13820	casnovia	pres	1	0	Consuelo Rose Morris	2024-11-05	?	50	94	2	Y		 		villageofcasnovia.org	treasurer@villageofcasnovia.org	616-675-4780	141 N Main St, Casnovia, MI 49318		2	1	1
7624	vil-cou	13820	casnovia	council	3	0	Robert Bennitt	2022-11-08	?	52	51	2	?		 		villageofcasnovia.org	treasurer@villageofcasnovia.org	616-675-4780	141 N Main St, Casnovia, MI 49318		0	1	3
11001	vil-cou	13820	casnovia	council	3	0	Kathleen S. Kahrs	2024-11-05	?	51	54	2	?		 							0	2	3
11002	vil-cou	13820	casnovia	council	3	0	Jerry A. Palinski	2024-11-05	?	42	45	2	?		 		villageofcasnovia.org	treasurer@villageofcasnovia.org	616-675-4780	141 N Main St, Casnovia, MI 49318		0	3	3
471	city-cou	14200	cedar springs		7	0	Jerry L. Gross	2024-11-05	?	866	52	4	 		 		cityofcedarsprings.org/city-council	jerryg@cityofcedarsprings.org	616-696-1330			4	1	7
472	city-cou	14200	cedar springs		7	0	Alice M. Rudy	2024-11-05	?	757	45	4	 		 							4	2	7
5956	city-cou	14200	cedar springs		7	0	Lisa Atchison	2025-11-04	?	169	28	4	 		 		cityofcedarsprings.org/city-council	latchison@cityofcedarsprings.org	616-696-1330			4	3	7
5957	city-cou	14200	cedar springs		7	0	Rose Ellen Powell	2025-11-04	?	172	28	4	 		 		cityofcedarsprings.org/city-council	rpowell@cityofcedarsprings.org	616-696-1330			4	4	7
6303	city-cou	14200	cedar springs		7	0	Pamela Conley	2022-11-08	?	606	49	4	Y		 		cityofcedarsprings.org/city-council	pconley@cityofcedarsprings.org	616-696-1330			4	5	7
6304	city-cou	14200	cedar springs		7	0	Renee Race	2022-11-08	?	588	48	4	Y		 		cityofcedarsprings.org/city-council	rrace@cityofcedarsprings.org	616-696-1330			4	6	7
7917	city-cou	14200	cedar springs		7	0	Brayden Marvel	2023-11-07	?	216	63	4	 		 		cityofcedarsprings.org/city-council	bmarvel@cityofcedarsprings.org	616-696-1330			4	7	7
2316	schl-cou	8520	cedar springs		4	0	Jason Lund	2024-11-05	?	5249	27	4	 		 							4	1	4
7482	schl-cou	8520	cedar springs		4	0	Heidi Reed	2022-11-08	?	4769	22	4	Y		 		www.csredhawks.org/our-district/board-of-education	Heidi.Reed@csredhawks.org				4	2	4
9381	schl-cou	8520	cedar springs		4	0	Matthew D. Shoffner	2024-11-05	?	5193	26	4	 		 		www.csredhawks.org/our-district/board-of-education	Matt.Shoffner@csredhawks.org				4	3	4
9382	schl-cou	8520	cedar springs		4	0	Trent Gilmore	2024-11-05	?	4957	25	4	 		 		www.csredhawks.org/our-district/board-of-education	Trent.Gilmore@csredhawks.org				4	4	4
1494	schl-cou	10620	comstock park		4	0	David L. Hood	2024-11-05	?	4028	32	4	 		 		www.cppschools.com/district/board-of-education	boardofeducation@cppschools.com&nbsp;&nbsp;				4	1	4
6748	schl-cou	10620	comstock park		4	0	Michael Brown	2022-11-08	?	2931	21	4	Y		 		www.cppschools.com/district/board-of-education	boardofeducation@cppschools.com&nbsp;&nbsp;				4	2	4
8595	schl-cou	10620	comstock park		4	0	Jeremy A. Kelly	2024-11-05	?	3795	30	4	 		 							4	3	4
8596	schl-cou	10620	comstock park		4	0	Christy Nowak	2024-11-05	?	4433	35	4	 		 		www.cppschools.com/district/board-of-education	boardofeducation@cppschools.com&nbsp;&nbsp;				4	4	4
7888	city	23980	east grand rapids	mayor	1	0	Katie Favale	2023-11-07	?	2586	95	4	 		 		www.eastgrmi.gov/245/Mayor-Commission	kfavale@eastgr.org	616-949-2110			4	1	1
5995	city-cou	23980	east grand rapids		2	1	Kate Skaggs	2025-11-04	?	653	69	4	 		 							4	1	2
5996	city-cou	23980	east grand rapids		2	2	Chris Wessely	2025-11-04	?	465	46	4	 		 		www.eastgrmi.gov/245/Mayor-Commission	cwessely@eastgr.org	616-915-7090			4	1	2
5997	city-cou	23980	east grand rapids		2	3	Laura Schwartz	2025-11-04	?	661	93	4	 		 		www.eastgrmi.gov/245/Mayor-Commission	lschwartz@eastgr.org	617-634-9465			4	1	2
7938	city-cou	23980	east grand rapids		2	1	Ryan Burdick	2023-11-07	?	854	97	4	 		 		www.eastgrmi.gov/245/Mayor-Commission	rburdick@eastgr.org	734-926-5585			4	2	2
7939	city-cou	23980	east grand rapids		2	2	Bradley Hunter	2023-11-07	?	805	99	4	 		 		www.eastgrmi.gov/245/Mayor-Commission	bhunter@eastgr.org	616-498-5019			4	2	2
7940	city-cou	23980	east grand rapids		2	3	Abbie Groff-Blaszak	2023-11-07	?	606	54	4	 		 		www.eastgrmi.gov/245/Mayor-Commission	agroff-blaszak@eastgr.org	616-516-6401			4	2	2
1529	schl-cou	12480	east grand rapids		5	0	Kerry Hegele	2024-11-05	?	3819	17	4	 		 		www.egrps.org/district/board-of-education/index.html	khegele@egrps.org	773-220-3862			4	1	5
6784	schl-cou	12480	east grand rapids		5	0	Amy Turner-Thole	2024-11-05	?	5299	98	4	Y		P		www.egrps.org/district/board-of-education/index.html	aturner@egrps.org	616-633-9573			4	2	5
8643	schl-cou	12480	east grand rapids		5	0	Layla Kuhl	2024-11-05	?	3791	16	4	 		 		www.egrps.org/district/board-of-education/index.html	lkuhl@egrps.org	616-307-0593			4	3	5
8644	schl-cou	12480	east grand rapids		5	0	Bill Saxton	2024-11-05	?	3946	17	4	 		 							4	4	5
8645	schl-cou	12480	east grand rapids		5	0	Ben Smith	2024-11-05	?	3431	15	4	 		 							4	5	5
1567	schl-cou	14610	forest hills		5	0	Kristen L. Fauson	2020-11-03	?	11298	27	6	Y		 		www.fhps.net/district/board-of-education	kfauson@fhps.net				6	1	5
6822	schl-cou	14610	forest hills		5	0	C.J. Michaud	2022-11-08	?	11818	17	6	 		 							6	2	5
6823	schl-cou	14610	forest hills		5	0	Mary Vonck	2022-11-08	?	8353	34	6	 		P		www.fhps.net/district/board-of-education	mvonck@fhps.net				6	3	5
8690	schl-cou	14610	forest hills		5	0	Shawn Colley	2024-11-05	?	9132	17	6	 		 							6	4	5
8691	schl-cou	14610	forest hills		5	0	Kelly Kermode	2024-11-05	?	11893	23	6	 		 							6	5	5
2504	town	31240	gaines	town-clerk	1	0	Michael Alex Brew	2024-11-05	R	11184	95	4	 		 		www.gainestownship.org/gaines_charter_township/township_clerk.php	michael.brew@gainestownship.org	616-698-7980	8555 Kalamazoo Avenue SE Caledonia, Michigan  49316		4	1	1
3169	town	31240	gaines	town-super	1	0	Robert Terpstra	2024-11-05	R	11258	95	4	 		 							4	1	1
3790	town	31240	gaines	town-treas	1	0	Laurie J. Lemke	2024-11-05	R	11196	95	4	 		 		www.gainestownship.org/gaines_charter_township/township_treasurer.php	laurie.lemke@gainestownship.org	616-698-6640	8555 Kalamazoo Avenue SE Caledonia, Michigan  49316		4	1	1
4530	town-cou	31240	gaines	council	4	0	Robert DeWard	2024-11-05	R	9930	24	4	 		 							4	1	4
10308	town-cou	31240	gaines	council	4	0	Dan Fryling	2024-11-05	R	9735	24	4	 		 		www.gainestownship.org/gaines_charter_township/township_trustees.php		616-698-6640	8555 Kalamazoo Avenue SE Caledonia, Michigan  49316		4	2	4
10309	town-cou	31240	gaines	council	4	0	Tim Haagsma	2024-11-05	R	9677	23	4	 		 		www.gainestownship.org/gaines_charter_township/township_trustees.php	tim.haagsma@gainestownship.org	616-698-6640	8555 Kalamazoo Avenue SE Caledonia, Michigan  49316		4	3	4
10310	town-cou	31240	gaines	council	4	0	Kathy Vander Stel	2024-11-05	R	10093	24	4	 		 		www.gainestownship.org/gaines_charter_township/township_trustees.php	kathy.vanderstel@hotmail.com	616-698-6640	8555 Kalamazoo Avenue SE Caledonia, Michigan  49316		4	4	4
1599	schl-cou	16080	godfrey lee		2	0	Joel Van Dyke	2024-11-05	?	1645	95	6	Y		P		www.godfrey-lee.org/our-district/board-of-education					6	1	2
6861	schl-cou	16080	godfrey lee		2	0	Allyssa Zamarripa	2024-11-05	?	1687	96	6	 		P		www.godfrey-lee.org/our-district/board-of-education					6	2	2
1600	schl-cou	16110	godwin heights		4	0	Allen E. Johnston	2020-11-03	?	2714	51	6	Y		 		www.godwinschools.org/apps/pages/index.jsp?uREC_ID=1195146&type=d&pREC_ID=1436916					6	1	4
6862	schl-cou	16110	godwin heights		4	0	Lee Ann Platschorre	2024-11-05	?	3419	96	6	 		P		www.godwinschools.org/apps/pages/index.jsp?uREC_ID=1195146&type=d&pREC_ID=1436916					6	2	4
6863	schl-cou	16110	godwin heights		4	0	Colleen Reid-Anderson	2024-11-05	?	2495	48	6	 		 		www.godwinschools.org/apps/pages/index.jsp?uREC_ID=1195146&type=d&pREC_ID=1436916					6	3	4
8734	schl-cou	16110	godwin heights		4	0	David Drake	2024-11-05	?	2445	47	6	 		 		www.godwinschools.org/apps/pages/index.jsp?uREC_ID=1195146&type=d&pREC_ID=1436916					6	4	4
6265	city	34000	grand rapids	comp	1	0	Max Frantz	2022-11-08	?	44188	97	4	Y		 							4	1	1
8169	city	34000	grand rapids	mayor	1	0	David LaGrand	2024-11-05	?	50508	62	4	 		 							4	1	1
6342	city-cou	34000	grand rapids		2	1	Drew Robbins	2022-11-08	?	8044	50	4	Y		 		www.grandrapidsmi.gov/Government/City-Commission	drobbins@grcity.us	616-456-3868			4	1	2
6343	city-cou	34000	grand rapids		2	2	Lisa M. Knight	2022-11-08	?	12935	64	4	Y		 		www.grandrapidsmi.gov/Government/City-Commission	lknight@grcity.us	616-456-3864			4	1	2
6344	city-cou	34000	grand rapids		2	3	Kelsey Perdue	2022-11-08	?	10209	54	4	Y		 		www.grandrapidsmi.gov/Government/City-Commission	kperdue@grcity.us	616-456-3862			4	1	2
8211	city-cou	34000	grand rapids		2	1	AliciaMarie Belchak	2024-11-05	?	12555	54	4	 		 							4	2	2
8212	city-cou	34000	grand rapids		2	2	Milinda Ysasi	2024-11-05	?	22046	97	4	 		 		www.grandrapidsmi.gov/Government/City-Commission	mysasi@grcity.us	616-456-3859			4	2	2
8213	city-cou	34000	grand rapids		2	3	Marshall Kilgore	2024-11-05	?	14481	57	4	 		 							4	2	2
1608	schl-cou	16440	grand rapids		5	0	Arick Davis	2024-11-05	?	27830	12	4	 		 							4	1	5
6873	schl-cou	16440	grand rapids		5	0	Jose Rodriguez	2022-11-08	?	27115	13	4	Y		 		grps.org/our-district/board-of-education					4	2	5
8745	schl-cou	16440	grand rapids		5	0	Amber Z. Kilpatrick	2024-11-05	?	31552	14	4	 		 							4	3	5
8746	schl-cou	16440	grand rapids		5	0	Eleanor Moreno	2024-11-05	?	35157	15	4	 		 							4	4	5
8747	schl-cou	16440	grand rapids		5	0	Richard Williamson	2024-11-05	?	26968	12	4	 		 							4	5	5
2525	town	34020	grand rapids charter	town-clerk	1	0	Edward J. Robinette	2024-11-05	R	6539	52	4	 		 		www.grandrapidstwp.org/services/clerk_s_office/index.php	erobinette@grandrapidstwp.org	616-855-5804	1836 E Beltline NE Grand Rapids, Michigan  49525-4514		4	1	1
3190	town	34020	grand rapids charter	town-super	1	0	Michael J. DeVries	2024-11-05	R	6377	51	4	 		 		www.grandrapidstwp.org	mdevries@grandrapidstwp.org	616-855-5802	1836 E Beltline NE Grand Rapids, Michigan  49525-4514		4	1	1
3811	town	34020	grand rapids charter	town-treas	1	0	David A. Van Dyke	2024-11-05	R	6495	52	4	 		 		www.grandrapidstwp.org	dvandyke@grandrapidstwp.org	616-855-5816	1836 E Beltline NE Grand Rapids, Michigan  49525-4514		4	1	1
4560	town-cou	34020	grand rapids charter	council	5	0	Vas Christopoulos	2024-11-05	R	6002	12	4	 		 		www.grandrapidstwp.org		616-361-7391	1836 E Beltline NE Grand Rapids, Michigan  49525-4514		4	1	5
7541	town-cou	34020	grand rapids charter	council	5	0	Meghan Mott	2022-11-08	?	5342	51	4	Y		 		www.grandrapidstwp.org		616-361-7391	1836 E Beltline NE Grand Rapids, Michigan  49525-4514		4	2	5
10352	town-cou	34020	grand rapids charter	council	5	0	Douglas Lipinski	2024-11-05	R	6006	12	4	 		 							4	3	5
10353	town-cou	34020	grand rapids charter	council	5	0	Meghan Mott	2024-11-05	R	6312	13	4	 		 							4	4	5
10354	town-cou	34020	grand rapids charter	council	5	0	Matt Scheider	2024-11-05	R	5991	12	4	 		 		www.grandrapidstwp.org		616-361-7391	1836 E Beltline NE Grand Rapids, Michigan  49525-4514		4	5	5
5896	city	34160	grandville	mayor	1	0	Steve Maas	2025-11-04	?	2957	97	4	 		 		www.cityofgrandville.com/government/city_council	maass@cityofgrandville.com	616-530-4983			4	1	1
6017	city-cou	34160	grandville		6	0	Jason Flanigan	2025-11-04	?	1851	22	4	 		 							4	1	6
6018	city-cou	34160	grandville		6	0	Randy Gelderloos	2025-11-04	?	1962	23	4	 		 		www.cityofgrandville.com/government/city_council	gelderloosr@cityofgrandville.com	616-531-3030			4	2	6
6019	city-cou	34160	grandville		6	0	Mike Sullivan	2025-11-04	?	2230	26	4	 		 							4	3	6
7962	city-cou	34160	grandville		6	0	Joshua Meringa	2023-11-07	?	1841	32	4	 		 		www.cityofgrandville.com/government/city_council	meringaj@cityofgrandville.com	616-531-3030			4	4	6
7963	city-cou	34160	grandville		6	0	Tim Steenstra	2023-11-07	?	1971	34	4	 		 		www.cityofgrandville.com/government/city_council	steenstrat@cityofgrandville.com	616-531-3030			4	5	6
7964	city-cou	34160	grandville		6	0	J.R. VanderWall	2023-11-07	?	1859	32	4	 		 		www.cityofgrandville.com/government/city_council	vanderwalljr@cityofgrandville.com	616-531-3030			4	6	6
1609	schl-cou	16470	grandville		4	0	Amy Gardine	2020-11-03	?	8950	23	6	Y		 			agardine@gpsbulldogs.org				6	1	4
6874	schl-cou	16470	grandville		4	0	Bob Wondergem	2022-11-08	?	6203	22	6	 		 			bwondergem@gpsbulldogs.org				6	2	4
8748	schl-cou	16470	grandville		4	0	Jason Heyboer	2024-11-05	?	11028	29	6	 		 			jheyboer@gpsbulldogs.org				6	3	4
8749	schl-cou	16470	grandville		4	0	Sally VanEck	2024-11-05	?	10466	27	6	 		 							6	4	4
1610	schl-cou	16500	grant		5	0	Jason McKinley	2024-11-05	?	2551	42	6	Y		P							6	1	5
6875	schl-cou	16500	grant		5	0	Ken Thorne	2024-11-05	?	2111	35	6	 		 		www.grantps.net	kthorne@grantps.net	231-834-5621	148 South Elder Ave. Grant, MI 49327		6	2	5
6876	schl-cou	16500	grant		5	0	Rick Fish	2024-11-05	?	3179	94	6	 		P							6	3	5
8750	schl-cou	16500	grant		5	0	Rachal Gort	2024-11-05	?	2180	36	6	 		 		www.grantps.net	rgort@grantps.net	231-834-5621	148 South Elder Ave. Grant, MI 49327		6	4	5
8751	schl-cou	16500	grant		5	0	Richard Vance	2024-11-05	?	1896	31	6	Y		P		www.grantps.net	rvance@grantps.net	231-834-5621	148 South Elder Ave. Grant, MI 49327		6	5	5
2530	town	34560	grattan	town-clerk	1	0	Michelle Alberts	2024-11-05	R	2128	98	4	 		 		www.grattantownship.org/government/clerk_elections/index.php	clerk@grattantownship.org	616-691-8450	12050 Old Belding Rd NE Belding, Michigan  48809-9318		4	1	1
3195	town	34560	grattan	town-super	1	0	Franklin J. Force	2024-11-05	R	2065	97	4	 		 		www.grattantownship.org/government/supervisor.php	supervisor@grattantownship.org	616-691-8450	12050 Old Belding Rd NE Belding, Michigan  48809-9318		4	1	1
3816	town	34560	grattan	town-treas	1	0	Sabrina Freeman	2024-11-05	R	2082	98	4	 		 		www.grattantownship.org/government/treasurer.php	treasurer@grattantownship.org	616-691-8450	12050 Old Belding Rd NE Belding, Michigan  48809-9318		4	1	1
4569	town-cou	34560	grattan	council	2	0	Dennis Heffron	2024-11-05	R	1814	40	4	 		 		www.grattantownship.org/government/trustees.php	trustee@grattantownship.org	616-691-8450	12050 Old Belding Rd NE Belding, Michigan  48809-9318		4	1	2
10366	town-cou	34560	grattan	council	2	0	Paul Knoerl	2024-11-05	R	1731	38	4	 		 		www.grattantownship.org/government/trustees.php	paul.knoerl@comcast.net	616-874-6753	12050 Old Belding Rd NE Belding, Michigan  48809-9318		4	2	2
1613	schl-cou	17160	greenville		5	0	Michael J. Huff	2024-11-05	?	1983	46	6	Y		P		www.gpsjackets.org/page/board-of-education					6	1	5
6879	schl-cou	17160	greenville		5	0	Maureen Wolverton	2022-11-08	?	1064	24	6	 		 		www.gpsjackets.org/page/board-of-education					6	2	5
8756	schl-cou	17160	greenville		5	0	James H. Anderson	2024-11-05	?	1113	22	6	 		 		www.gpsjackets.org/page/board-of-education					6	3	5
8757	schl-cou	17160	greenville		5	0	Michelle Blaszczynski	2024-11-05	?	1760	34	6	 		 							6	4	5
8758	schl-cou	17160	greenville		5	0	Charlie Mahar	2024-11-05	?	2161	51	6	Y		P		www.gpsjackets.org/page/board-of-education					6	5	5
1722	schl-cou	20160	kelloggsville		3	0	Debra Sellers	2020-11-03	?	3739	97	6	Y		 							6	1	3
6971	schl-cou	20160	kelloggsville		3	0	Gladys Townsend	2022-11-08	?	2263	50	6	 		 		www.kvilleps.org/about-us/boe	gtownsend@kvilleps.org				6	2	3
8837	schl-cou	20160	kelloggsville		3	0	Jane Ward	2024-11-05	?	3776	95	6	 		 		www.kvilleps.org/about-us/boe	jward@kvilleps.org				6	3	3
1723	schl-cou	20280	kenowa hills		4	0	Corey Turner	2024-11-05	?	6311	26	4	 		 			cturner@khps.org				4	1	4
6972	schl-cou	20280	kenowa hills		4	0	Tracey L. Hart	2022-11-08	?	4112	16	4	Y		 			thart@khps.org				4	2	4
8838	schl-cou	20280	kenowa hills		4	0	Erin LaBotz	2024-11-05	?	6162	25	4	 		 			elabotz@khps.org				4	3	4
8839	schl-cou	20280	kenowa hills		4	0	Melissa Courtade	2024-11-05	?	6524	26	4	 		 			mcourtade@khps.org				4	4	4
1724	schl-cou	20310	kent		6	0	Bruce Hawley	2024-11-05	?	2146	54	4	 		 		www.kentcityschools.org	bruce.hawley@kentcityschools.org	616-678-7714	200 North Clover Street, Kent City, MI 49330		4	1	6
6973	schl-cou	20310	kent		6	0	Kyle Larson	2022-11-08	?	1301	31	4	Y		 		www.kentcityschools.org	kyle.larson@kentcityschools.org	616-678-7714	200 North Clover Street, Kent City, MI 49330		4	2	6
6974	schl-cou	20310	kent		6	0	Sandra Vanderhyde-Volkers	2022-11-08	?	1842	98	4	 		P		www.kentcityschools.org	sandra.vanderhyde-volkers@kentcityschools.org	616-678-7714	200 North Clover Street, Kent City, MI 49330		4	3	6
6975	schl-cou	20310	kent		6	0	Stacey Alt	2022-11-08	?	6	54	4	 		 		www.kentcityschools.org	stacey.alt@kentcityschools.org	616-678-7714	200 North Clover Street, Kent City, MI 49330		6	4	6
6976	schl-cou	20310	kent		6	0	Sandra Vanderhyde-Volkers	2022-11-08	?	3	100	4	Y		P							6	5	6
8840	schl-cou	20310	kent		6	0	Derik Miller	2024-11-05	?	1785	44	4	 		 		www.kentcityschools.org	derik.miller@kentcityschools.org	616-678-7714	200 North Clover Street, Kent City, MI 49330		4	6	6
5381	vil	42780	kent city	clerk	1	0	Mary J. Portell	2020-11-03	?	366	97	2	Y		 							2	1	1
5438	vil	42780	kent city	pres	1	0	Bert Rose	2024-11-05	?	364	94	2	Y		 		www.kentcitymi.org/government/village_council.php	vkc.president@kentcitymi.org	616-284-7173			2	1	1
5519	vil	42780	kent city	treas	1	0	Debra Forth	2020-11-03	?	357	97	2	Y		 							2	1	1
5663	vil-cou	42780	kent city	council	5	0	Sue Smalley	2020-11-03	?	356	83	2	?		 							0	1	5
7720	vil-cou	42780	kent city	council	5	0	Linda R. Poling	2022-11-08	?	251	37	2	?		 		www.kentcitymi.org/government/village_council.php		616-678-7232			0	2	5
7721	vil-cou	42780	kent city	council	5	0	Matthew Barber	2024-11-05	?	271	33	2	?		 		www.kentcitymi.org/government/village_council.php		616-678-7232			0	3	5
11121	vil-cou	42780	kent city	council	5	0	Merry Fay Barron	2024-11-05	?	246	30	2	?		 		www.kentcitymi.org/government/village_council.php		616-678-7232			0	4	5
11122	vil-cou	42780	kent city	council	5	0	Nathaniel Funk	2024-11-05	?	276	33	2	?		 							0	5	5
5875	city	42820	kentwood	clerk	1	0	Ana Jose	2025-11-04	?	4322	51	4	 		 							4	1	1
5908	city	42820	kentwood	mayor	1	0	Stephen Kepley	2025-11-04	?	4858	53	4	 		 		www.kentwood.us/city_services/city_departments/mayor	mayor@kentwood.us	616-540-3485			4	1	1
5948	city	42820	kentwood	treas	1	0	Laurie Sheldon	2025-11-04	?	7355	99	4	 		 		www.kentwood.us/city_services/city_departments/treasurer	eTreasurer@kentwood.us	616-554-0761			4	1	1
6065	city-cou	42820	kentwood		2	0	Betsy Artz	2025-11-04	?	7333	99	4	 		 							4	1	2
6066	city-cou	42820	kentwood		2	1	Clarkston Morgan	2025-11-04	?	3870	98	4	 		 		www.kentwood.us/city_services/committees_and_boards/city_commission	morganc@kentwood.us	616-633-7229			4	1	2
6067	city-cou	42820	kentwood		2	2	Jessica Ann Tyson	2025-11-04	?	3403	99	4	 		 		www.kentwood.us/city_services/committees_and_boards/city_commission	TysonJ@kentwood.us	616-350-3880			4	1	2
8008	city-cou	42820	kentwood		2	0	Maurice H. Groce	2023-11-07	?	3194	50	4	 		 							4	2	2
8009	city-cou	42820	kentwood		2	1	Robert D. Coughlin	2023-11-07	?	2470	99	4	 		 		www.kentwood.us/city_services/committees_and_boards/city_commission	coughlinb@kentwood.us	616-437-2982			4	2	2
8010	city-cou	42820	kentwood		2	2	David Moore  II	2023-11-07	?	1581	49	4	 		 		www.kentwood.us/city_services/committees_and_boards/city_commission	moored@kentwood.us	616-617-3977			4	2	2
1725	schl-cou	20340	kentwood		5	0	Marlon Brown	2024-11-05	?	15463	24	4	 		 							4	1	5
6977	schl-cou	20340	kentwood		5	0	Sylvia A. James	2022-11-08	?	12919	31	4	Y		 		www.kentwoodps.org/ourdistrict/boardofeducation	boardofeducation@kentwoodps.org				4	2	5
6978	schl-cou	20340	kentwood		5	0	Tanya Powell-May	2024-11-05	?	15936	25	4	 		 		www.kentwoodps.org/ourdistrict/boardofeducation	boardofeducation@kentwoodps.org				4	3	5
8841	schl-cou	20340	kentwood		5	0	Mary Ann Madden	2024-11-05	?	15442	24	4	 		 							4	4	5
8842	schl-cou	20340	kentwood		5	0	Allen Young	2024-11-05	?	14327	23	4	 		 		www.kentwoodps.org/ourdistrict/boardofeducation	boardofeducation@kentwoodps.org				4	5	5
1742	schl-cou	20910	lakeview		4	0	Tiffany Padden	2024-11-05	?	139	96	6	Y		P		www.lakeviewschools.net/apps/pages/index.jsp?uREC_ID=856802&type=d&pREC_ID=1208448					6	1	4
6992	schl-cou	20910	lakeview		4	0	Edward J. Jonaitis	2024-11-05	?	136	95	6	 		P		www.lakeviewschools.net/apps/pages/index.jsp?uREC_ID=856802&type=d&pREC_ID=1208448					6	2	4
8866	schl-cou	20910	lakeview		4	0	Jessica Rader	2024-11-05	?	111	47	6	 		 		www.lakeviewschools.net/apps/pages/index.jsp?uREC_ID=856802&type=d&pREC_ID=1208448					6	3	4
8867	schl-cou	20910	lakeview		4	0	Melissa A. Stevens	2024-11-05	?	121	51	6	 		 		www.lakeviewschools.net/apps/pages/index.jsp?uREC_ID=856802&type=d&pREC_ID=1208448					6	4	4
1743	schl-cou	20980	lakewood		7	0	Darin Weller	2020-11-03	?	1487	28	6	Y		 			darinweller@lakewoodps.org				6	1	7
1744	schl-cou	20980	lakewood		7	0	Jamie Brodbeck Krenz	2020-11-03	?	1805	35	6	Y		 			krenzj@lakewoodps.org				6	2	7
1745	schl-cou	20980	lakewood		7	0	Kerry Possehn	2020-11-03	?	1737	33	6	Y		 			KerryPossehn@lakewoodps.org				6	3	7
1746	schl-cou	20980	lakewood		7	0	Adam W. McArthur	2024-11-05	?	720	47	6	 		 							6	4	7
6993	schl-cou	20980	lakewood		7	0	Paige OMara	2022-11-08	?	1366	33	6	 		 			paigeomara@lakewoodps.org				6	5	7
6994	schl-cou	20980	lakewood		7	0	Wendy Behrenwald	2022-11-08	?	1317	32	6	 		 			wendybehrenwald@lakewoodps.org				6	6	7
8871	schl-cou	20980	lakewood		7	0	Zeke Cappon	2024-11-05	?	788	52	6	 		 							6	7	7
6088	city-cou	49540	lowell		4	0	Beryl Bartkus	2025-11-04	?	472	26	4	 		 							4	1	4
8031	city-cou	49540	lowell		4	0	Eric Bartkus	2023-11-07	?	554	27	4	 		 		cms7.revize.com/revize/lowellmi/government/city_council/mayor_and_council_members.php	ebartkus@ci.lowell.mi.us				4	2	4
11414	city-cou	49540	lowell		4	0	Mark V. Ritzema	2025-11-04	?	420	23	4	 		 							4	3	4
11415	city-cou	49540	lowell		4	0	James Salzwedel	2025-11-04	?	476	26	4	 		 		cms7.revize.com/revize/lowellmi/government/city_council/mayor_and_council_members.php	jsalzwedel@ci.lowell.mi.us				4	4	4
1777	schl-cou	22050	lowell		5	0	Jessica Curtis	2024-11-05	?	7277	22	4	 		 		www.lowellschools.com/our-district/board-of-education	jcurtis@lowellschools.com				4	1	5
7028	schl-cou	22050	lowell		5	0	Patrick D. Nugent	2022-11-08	?	4295	16	4	Y		 		www.lowellschools.com/our-district/board-of-education	pnugent@lowellschools.com				4	2	5
8901	schl-cou	22050	lowell		5	0	Brian Krajewski	2024-11-05	?	6530	20	4	 		 		www.lowellschools.com/our-district/board-of-education	bkrajewski@lowellschools.com				4	3	5
8902	schl-cou	22050	lowell		5	0	Laurie C. Kuna	2024-11-05	?	5577	17	4	 		 		www.lowellschools.com/our-district/board-of-education	lkuna@lowellschools.com				4	4	5
8903	schl-cou	22050	lowell		5	0	Annie McMahon Whitlock	2024-11-05	?	5486	17	4	 		 							4	5	5
2641	town	49560	lowell	town-clerk	1	0	Monica J. Burtt	2024-11-05	R	3069	97	4	 		 		www.lowelltwp.org/government/clerk/index.php	clerk@lowelltwp.org	616-897-7600	2910 Alden Nash SE Lowell, Michigan  49331		4	1	1
3305	town	49560	lowell	town-super	1	0	Jerry Hale	2024-11-05	R	3045	97	4	 		 		www.lowelltwp.org/government/supervisor.php	supervisor@lowelltwp.org	616-897-7600	2910 Alden Nash SE Lowell, Michigan  49331		4	1	1
3927	town	49560	lowell	town-treas	1	0	Ronda J. Benedict	2024-11-05	R	3068	97	4	 		 		www.lowelltwp.org/government/treasurer/index.php	treasurer@lowelltwp.org	616-897-7600	2910 Alden Nash SE Lowell, Michigan  49331		4	1	1
4775	town-cou	49560	lowell	council	4	0	Mark Anderson	2024-11-05	R	2786	25	4	 		 		www.lowelltwp.org/government/boards___committees/index.php		616-897-7600	2910 Alden Nash SE Lowell, Michigan  49331		4	1	4
10522	town-cou	49560	lowell	council	4	0	Carlton Blough	2024-11-05	R	2720	24	4	 		 		www.lowelltwp.org/government/boards___committees/index.php		616-897-7600	2910 Alden Nash SE Lowell, Michigan  49331		4	2	4
10523	town-cou	49560	lowell	council	4	0	William C. Thompson	2024-11-05	R	2606	23	4	 		 		www.lowelltwp.org/government/boards___committees/index.php		616-897-7600	2910 Alden Nash SE Lowell, Michigan  49331		4	3	4
10524	town-cou	49560	lowell	council	4	0	Andy Vander Ziel	2024-11-05	R	2623	24	4	 		 							4	4	4
2695	town	56920	nelson	town-clerk	1	0	Andrea Carr	2024-11-05	R	2271	98	4	 		 							4	1	1
3360	town	56920	nelson	town-super	1	0	Robyn Britton	2024-11-05	R	2285	98	4	 		 		www.nelsontownship.org/supervisor.html	supervisor@nelsontownship.org	616-636-5332	2 Maple St East PO Box 109 Sand Lake, Michigan  49343		4	1	1
3982	town	56920	nelson	town-treas	1	0	Katy Austin	2024-11-05	R	2287	98	4	 		 		www.nelsontownship.org/treasurer.html	treasurer@nelsontownship.org	616-636-5332	2 Maple St East PO Box 109 Sand Lake, Michigan  49343		4	1	1
4875	town-cou	56920	nelson	council	2	0	Curtis D. DeJong	2024-11-05	R	2111	50	4	 		 		www.nelsontownship.org	dejongtrustee@gmail.com	616-636-5332	2 Maple St East PO Box 109 Sand Lake, Michigan  49343		4	1	2
10599	town-cou	56920	nelson	council	2	0	Daniel George	2024-11-05	R	2016	48	4	 		 		www.nelsontownship.org	dgeorgenelsontownshiptrustee@gmail.com	616-636-5332	2 Maple St East PO Box 109 Sand Lake, Michigan  49343		4	2	2
1903	schl-cou	25950	northview		5	0	Jake Conway	2024-11-05	?	7078	98	6	Y		P		nvps.net/board-of-education					6	1	5
7119	schl-cou	25950	northview		5	0	Emily Carpenter	2022-11-08	?	4928	41	6	 		 		nvps.net/board-of-education					6	2	5
8997	schl-cou	25950	northview		5	0	Renee Montgomery	2024-11-05	?	6051	34	6	 		 		nvps.net/board-of-education					6	3	5
8998	schl-cou	25950	northview		5	0	Jeremy Oliver	2024-11-05	?	5637	31	6	 		 							6	4	5
8999	schl-cou	25950	northview		5	0	Teresa B. Ramirez	2024-11-05	?	5856	32	6	 		 		nvps.net/board-of-education					6	5	5
2719	town	59580	oakfield	town-clerk	1	0	Susan Trainer	2024-11-05	R	3119	98	4	 		 		www.oakfieldtwp.org/clerk	clerk@oakfieldtwp.org	616-754-5679	10300 14 Mile Rd Rockford, Michigan  49341		4	1	1
3385	town	59580	oakfield	town-super	1	0	Darcia Kelley	2024-11-05	R	3116	97	4	 		 							4	1	1
4007	town	59580	oakfield	town-treas	1	0	Betsy N. Koett	2024-11-05	R	2742	69	4	 		 		www.oakfieldtwp.org/boards-commissions-committees	treasurer@oakfieldtwp.org	616-754-5679	10300 14 Mile Rd Rockford, Michigan  49341		4	1	1
4916	town-cou	59580	oakfield	council	4	0	David J. Howard	2024-11-05	R	2732	24	4	 		 							4	1	4
10619	town-cou	59580	oakfield	council	4	0	Pamela Riker	2024-11-05	R	2805	25	4	 		 		www.oakfieldtwp.org/boards-commissions-committees	prikeroakfieldtwp@gmail.com	616-754-5679	10300 14 Mile Rd Rockford, Michigan  49341		4	2	4
10620	town-cou	59580	oakfield	council	4	0	Kenneth Rittersdorf	2024-11-05	R	2694	24	4	 		 		www.oakfieldtwp.org/boards-commissions-committees	kmrittersdorf@hotmail.com	616-754-5679	10300 14 Mile Rd Rockford, Michigan  49341		4	3	4
10621	town-cou	59580	oakfield	council	4	0	Chad Sowerby	2024-11-05	R	2755	24	4	 		 		www.oakfieldtwp.org/boards-commissions-committees	chadsowerby@gmail.com	616-754-5679	10300 14 Mile Rd Rockford, Michigan  49341		4	4	4
2756	town	64660	plainfield	town-clerk	1	0	Steven McKellar	2024-11-05	R	15353	97	4	 		 							4	1	1
3422	town	64660	plainfield	town-super	1	0	Tom Coleman	2024-11-05	R	15377	97	4	 		 		www.plainfieldmi.org/information_about/boards_and_committees/board_of_trustees.php	colemant@plainfieldmi.org	616-364-8466	6161 Belmont Avenue NE Belmont, Michigan  49306		4	1	1
4044	town	64660	plainfield	town-treas	1	0	Jack Hagedorn	2024-11-05	R	15286	97	4	 		 		www.plainfieldmi.org/information_about/boards_and_committees/board_of_trustees.php	hagedornj@plainfieldmi.org	616-364-8466	6161 Belmont Avenue NE Belmont, Michigan  49306		4	1	1
4992	town-cou	64660	plainfield	council	4	0	Kathey Batey	2024-11-05	R	12621	18	4	 		 		www.plainfieldmi.org/information_about/boards_and_committees/board_of_trustees.php	bateyk@plainfieldmi.org	616-364-8466	6161 Belmont Avenue NE Belmont, Michigan  49306		4	1	4
10673	town-cou	64660	plainfield	council	4	0	Susan L. Morrow	2024-11-05	R	12855	18	4	 		 		www.plainfieldmi.org/information_about/boards_and_committees/board_of_trustees.php	morrows@plainfieldmi.org	616-364-8466	6161 Belmont Avenue NE Belmont, Michigan  49306		4	2	4
10674	town-cou	64660	plainfield	council	4	0	Frank Pfaff	2024-11-05	R	11541	16	4	 		 		www.plainfieldmi.org/information_about/boards_and_committees/board_of_trustees.php	pfafff@plainfieldmi.org	616-364-8466	6161 Belmont Avenue NE Belmont, Michigan  49306		4	3	4
10675	town-cou	64660	plainfield	council	4	0	Robert A. Reminga	2024-11-05	R	11318	16	4	 		 							4	4	4
602	city-cou	69080	rockford		5	0	Dale Dalman	2024-11-05	?	1467	20	4	 		 		www.rockford.mi.us/city_hall/government/city_council	ddalman@rockford.mi.us	616-866-1537			4	1	5
603	city-cou	69080	rockford		5	0	Terry Konkle	2024-11-05	?	1670	22	4	 		 		www.rockford.mi.us/city_hall/government/city_council	tkonkle@rockford.mi.us	616-866-1537			4	2	5
604	city-cou	69080	rockford		5	0	Cheryl C. Scales	2024-11-05	?	1786	24	4	 		 		www.rockford.mi.us/city_hall/government/city_council	cscales@rockford.mi.us	616-866-1537			4	3	5
6416	city-cou	69080	rockford		5	0	Charles Baker	2022-11-08	?	1129	25	4	Y		 		www.rockford.mi.us/city_hall/government/city_council	cbaker@rockford.mi.us	616-866-1537			4	4	5
6417	city-cou	69080	rockford		5	0	Tammy K. Bergstrom	2022-11-08	?	1396	31	4	Y		 		www.rockford.mi.us/city_hall/government/city_council	tbergstrom@rockford.mi.us	616-866-1537			4	5	5
2035	schl-cou	30030	rockford		5	0	Kelley Freridge	2024-11-05	?	11352	14	4	 		 		www.rockfordschools.org/our-district/meet-board-of-education	kfreridge@rockfordschools.org				4	1	5
7223	schl-cou	30030	rockford		5	0	Christie J. Ramsey	2022-11-08	?	9394	17	4	Y		 		www.rockfordschools.org/our-district/meet-board-of-education	cramsey@rockfordschools.org				4	2	5
7224	schl-cou	30030	rockford		5	0	Tricia R. Anderson	2024-11-05	?	12856	16	4	 		 		www.rockfordschools.org/our-district/meet-board-of-education	tranderson@rockfordschools.org				4	3	5
9076	schl-cou	30030	rockford		5	0	Jake Himmelspach	2024-11-05	?	11377	14	4	 		 		www.rockfordschools.org/our-district/meet-board-of-education	jhimmelspach@rockfordschools.org				4	4	5
9077	schl-cou	30030	rockford		5	0	Andrea R. Jacobson	2024-11-05	?	12770	16	4	 		 							4	5	5
5483	vil	71360	sand lake	pres	1	0	Mollie Doerr	2024-11-05	?	188	96	2	Y		 		villageofsandlake.org/council-members	president@villageofsandlake.org	616-636-8854			2	1	1
5788	vil-cou	71360	sand lake	council	7	0	Kim McNees	2020-11-03	?	158	29	2	?		 							0	1	7
5789	vil-cou	71360	sand lake	council	7	0	Stacy Rudicil	2020-11-03	?	173	90	2	?		P							0	2	7
6260	vil-cou	71360	sand lake	council	7	0	Jack S. Christensen	2021-11-02	?	88	75	2	?		P		villageofsandlake.org/council-members	j.christensen@villageofsandlake.org	616-636-8854			0	3	7
7811	vil-cou	71360	sand lake	council	7	0	Marcia Helton	2022-11-08	?	116	26	2	?		 		villageofsandlake.org/council-members	m.helton@villageofsandlake.org	616-636-8854			0	4	7
11249	vil-cou	71360	sand lake	council	7	0	Cherrie Camilleri	2024-11-05	?	133	30	2	?		 		villageofsandlake.org/council-members	c.camilleri@villageofsandlake.org	616-636-8854			0	5	7
11250	vil-cou	71360	sand lake	council	7	0	Kim Latham	2024-11-05	?	130	30	2	?		 		villageofsandlake.org/council-members	k.latham@villageofsandlake.org	616-636-8854			0	6	7
11251	vil-cou	71360	sand lake	council	7	0	Kevin Wright	2024-11-05	?	164	37	2	?		 		villageofsandlake.org/council-members	k.wright@villageofsandlake.org	616-636-8854			0	7	7
2840	town	74460	solon	town-clerk	1	0	Dorothy Willoughby	2024-11-05	R	3114	98	4	 		 		www.solontwp.org/departments/solon-township-board	clerk@solontwp.org	616-696-1718	15185 Algoma Avenue NE Cedar Springs, Michigan  49319		4	1	1
3508	town	74460	solon	town-super	1	0	Robert Ellick	2024-11-05	R	3118	98	4	 		 		www.solontwp.org/departments/solon-township-board	supervisor@solontwp.org	616-696-1718	15185 Algoma Avenue NE Cedar Springs, Michigan  49319		4	1	1
4129	town	74460	solon	town-treas	1	0	A.J. Anielski	2024-11-05	R	3105	98	4	 		 		www.solontwp.org/departments/solon-township-board	treasurer@solontwp.org	616-696-1718	15185 Algoma Avenue NE Cedar Springs, Michigan  49319		4	1	1
5154	town-cou	74460	solon	council	2	0	Mark S. Hoskins	2024-11-05	R	2904	50	4	 		 		www.solontwp.org/departments/solon-township-board	markhoskins@bhhsmi.com	616-893-9422	15185 Algoma Avenue NE Cedar Springs, Michigan  49319		4	1	2
10770	town-cou	74460	solon	council	2	0	Jon D. Stout	2024-11-05	R	2822	48	4	 		 		www.solontwp.org/departments/solon-township-board	js@stoutgroup.net	616-890-4759	15185 Algoma Avenue NE Cedar Springs, Michigan  49319		4	2	2
2086	schl-cou	32370	sparta		4	0	Timothy A. Driscoll	2020-11-03	?	3333	26	6	Y		 			tim.driscoll@spartaschools.org				6	1	4
7266	schl-cou	32370	sparta		4	0	Amber Bremer	2022-11-08	?	3706	52	6	 		 			amber.bremer@spartaschools.org				6	2	4
9113	schl-cou	32370	sparta		4	0	Amanda VanStrien	2024-11-05	?	3676	39	6	 		 			amanda.vanstrien@spartaschools.org				6	3	4
9114	schl-cou	32370	sparta		4	0	Andrew S. Jensen	2024-11-05	?	3795	40	6	 		 			andy.jensen@spartaschools.org				6	4	4
2844	town	75440	sparta	town-clerk	1	0	Marcy Savage	2024-11-05	R	3913	97	4	 		 		spartatownship.org/clerks-office.php	clerk@spartatownship.org	616-887-8863	160  E Division St Sparta, Michigan  49345-1330		4	1	1
3512	town	75440	sparta	town-super	1	0	Dale Bergman	2024-11-05	R	3824	97	4	 		 		spartatownship.org/township-supervisor.php	supervisor@spartatownship.org	616-887-8863	160  E Division St Sparta, Michigan  49345-1330		4	1	1
4133	town	75440	sparta	town-treas	1	0	Ashley Johnson	2024-11-05	R	3813	97	4	 		 							4	1	1
5162	town-cou	75440	sparta	council	4	0	Jason Bradford	2024-11-05	R	3430	22	4	 		 		spartatownship.org/boards-commissions.php	bradfordj@chartermi.net	616-887-4284	160  E Division St Sparta, Michigan  49345-1330		4	1	4
10780	town-cou	75440	sparta	council	4	0	William Goodfellow	2024-11-05	R	3300	21	4	 		 		spartatownship.org/boards-commissions.php	wrgoodfellow@prodigy.net	616-318-8244	160  E Division St Sparta, Michigan  49345-1330		4	2	4
10781	town-cou	75440	sparta	council	4	0	Barbara J. Johnson	2024-11-05	R	3325	22	4	 		 		spartatownship.org/boards-commissions.php	barb2020trustee@yahoo.com	616-887-9334	160  E Division St Sparta, Michigan  49345-1330		4	3	4
10782	town-cou	75440	sparta	council	4	0	Robert Steffens	2024-11-05	R	3251	21	4	 		 		spartatownship.org/boards-commissions.php	rjsteffens@att.net	616-887-2404	160  E Division St Sparta, Michigan  49345-1330		4	4	4
5490	vil	75420	sparta	pres	1	0	Robert Whalen	2024-11-05	?	1372	96	2	Y		 		spartami.org/village-council.php	rwhalen@spartami.org	616-887-8251			2	1	1
5802	vil-cou	75420	sparta	council	4	0	Brenda L. Braybrook	2020-11-03	?	1185	36	2	?		 		spartami.org/village-council.php	bbraybrook@spartami.org	616-887-8251			0	1	4
5803	vil-cou	75420	sparta	council	4	0	William Taylor	2024-11-05	?	1072	47	2	?		 		spartami.org/village-council.php	btaylor@spartami.org	616-887-8251			0	2	4
7822	vil-cou	75420	sparta	council	4	0	David Cumings	2022-11-08	?	968	29	2	?		 		spartami.org/village-council.php	dcumings@spartami.org	616-887-8251			0	3	4
11269	vil-cou	75420	sparta	council	4	0	Brenda L. Braybrook	2024-11-05	?	1128	49	2	?		 							0	4	4
2846	town	75560	spencer	town-clerk	1	0	Lisa Wright	2024-11-05	R	2270	98	4	 		 		spencertwp.org/boards-committees	clerk@spencertwp.org	616-984-0035	14960 Meddler Ave NE Gowen, Michigan  49326		4	1	1
3514	town	75560	spencer	town-super	1	0	Jeff Knapp	2024-11-05	R	2280	98	4	 		 		spencertwp.org/boards-committees	supervisor@spencertwp.org	616-984-0035	14960 Meddler Ave NE Gowen, Michigan  49326		4	1	1
4135	town	75560	spencer	town-treas	1	0	Scott Baas	2024-11-05	R	2250	97	4	 		 		spencertwp.org/treasurer	treasurer@spencertwp.org	616-984-0035	14960 Meddler Ave NE Gowen, Michigan  49326		4	1	1
5164	town-cou	75560	spencer	council	2	0	Chris Lange	2024-11-05	R	2118	50	4	 		 		spencertwp.org/boards-committees		616-984-0035	14960 Meddler Ave NE Gowen, Michigan  49326		4	1	2
10784	town-cou	75560	spencer	council	2	0	Andrea K. Roberts	2024-11-05	R	2068	48	4	 		 							4	2	2
2127	schl-cou	33810	thornapple-kellogg		9	0	Anne M. Hamming	2020-11-03	?	3771	22	6	Y	R	 							6	1	9
2128	schl-cou	33810	thornapple-kellogg		9	0	David R. Smith	2020-11-03	?	3412	20	6	Y	R	 		www.tkschools.org/apps/pages/index.jsp?uREC_ID=307840&type=d&pREC_ID=710739	davesmith@tkschools.org				6	2	9
2129	schl-cou	33810	thornapple-kellogg		9	0	Kristen R. Cove	2020-11-03	?	4036	24	6	Y	R	 							6	3	9
7300	schl-cou	33810	thornapple-kellogg		9	0	Derrick Brock	2022-11-08	?	2482	18	6	 		 		www.tkschools.org/apps/pages/index.jsp?uREC_ID=307840&type=d&pREC_ID=710739	derrickbrock@tkschools.org				6	4	9
7301	schl-cou	33810	thornapple-kellogg		9	0	Tyler P. Wenger	2022-11-08	?	3041	22	6	 		 		www.tkschools.org/apps/pages/index.jsp?uREC_ID=307840&type=d&pREC_ID=710739	tylerwenger@tkschools.org				6	5	9
7302	schl-cou	33810	thornapple-kellogg		9	0	Brenda J. Hess	2022-11-08	?	3449	51	6	Y	R	P		www.tkschools.org/apps/pages/index.jsp?uREC_ID=307840&type=d&pREC_ID=710739	brendahess@tkschools.org				6	6	9
7303	schl-cou	33810	thornapple-kellogg		9	0	Katie Stanton	2024-11-05	?	98	23	6	 		 							6	7	9
9158	schl-cou	33810	thornapple-kellogg		9	0	Keara Hilton	2024-11-05	?	85	20	6	 		 							6	8	9
9159	schl-cou	33810	thornapple-kellogg		9	0	Mark Price	2024-11-05	?	131	49	6	Y		P							6	9	9
2134	schl-cou	33930	tri		5	0	Jill Fennessy	2020-11-03	?	640	26	6	Y		 		www.tricountyschools.com/ourdistrict/schoolboard					6	1	5
7312	schl-cou	33930	tri		5	0	MaDonna Adkins-Princer	2024-11-05	?	1323	97	6	 		P		www.tricountyschools.com/ourdistrict/schoolboard					6	2	5
7313	schl-cou	33930	tri		5	0	Brandon Monreal	2024-11-05	?	947	30	6	 		 							6	3	5
9167	schl-cou	33930	tri		5	0	Jessica Helfmann	2024-11-05	?	1056	33	6	 		 		www.tricountyschools.com/ourdistrict/schoolboard					6	4	5
9168	schl-cou	33930	tri		5	0	Nicholas Hall	2024-11-05	?	1084	34	6	 		 							6	5	5
2891	town	81140	tyrone	town-clerk	1	0	Dolan Bair	2024-11-05	R	2266	97	4	 		 							4	1	1
3559	town	81140	tyrone	town-super	1	0	David Ignasiak	2024-11-05	R	2289	97	4	 		 		www.tyronetownship.org/township_departments/township_board.php	supervisor@tyronetownship.org	616-678-4779	28 E Muskegon St PO Box 275 Kent City, Michigan  49330-0275		4	1	1
4180	town	81140	tyrone	town-treas	1	0	Juli-Anne Hall	2024-11-05	R	2287	98	4	 		 		www.tyronetownship.org/township_departments/township_board.php	jhall@tyronetownship.org	616-678-4779	28 E Muskegon St PO Box 275 Kent City, Michigan  49330-0275		4	1	1
5251	town-cou	81140	tyrone	council	3	0	David Loew	2024-11-05	R	2074	49	4	 		 		www.tyronetownship.org/township_departments/township_board.php		616-678-4779	28 E Muskegon St PO Box 275 Kent City, Michigan  49330-0275		4	1	3
7571	town-cou	81140	tyrone	council	3	0	David Loew	2022-11-08	?	1704	98	4	Y		 							4	2	3
10843	town-cou	81140	tyrone	council	3	0	Brian Wheeler	2024-11-05	R	2077	49	4	 		 							4	3	3
2898	town	81920	vergennes	town-clerk	1	0	Shantell Ford	2024-11-05	R	2519	98	4	 		 		vergennestwp.org/clerks-office	clerk@vergennestwp.org	616-897-5671	69 Lincoln Lake Ave NE PO Box 208 Lowell, Michigan  49331		4	1	1
3566	town	81920	vergennes	town-super	1	0	Timothy Wittenbach	2024-11-05	R	2533	98	4	 		 		vergennestwp.org/supervisor-office	supervisor@vergennestwp.org	616-292-4595	69 Lincoln Lake Ave NE PO Box 208 Lowell, Michigan  49331		4	1	1
4187	town	81920	vergennes	town-treas	1	0	Sherry Richmond	2024-11-05	R	2509	98	4	 		 		vergennestwp.org/treasurer	treasurer@vergennestwp.org	616-897-5671	69 Lincoln Lake Ave NE PO Box 208 Lowell, Michigan  49331		4	1	1
5263	town-cou	81920	vergennes	council	2	0	Richard Gillett	2024-11-05	R	2336	49	4	 		 		vergennestwp.org/township-board		616-915-6024	69 Lincoln Lake Ave NE PO Box 208 Lowell, Michigan  49331		4	1	2
10851	town-cou	81920	vergennes	council	2	0	Duane Joseph Rasch	2024-11-05	R	2313	49	4	 		 		vergennestwp.org/township-board		616-299-1243	69 Lincoln Lake Ave NE PO Box 208 Lowell, Michigan  49331		4	2	2
411	city	82960	walker	clerk	1	0	Deborah Goudy	2024-11-05	?	9345	98	4	 		 		www.walker.city/430/Clerk					4	1	1
6283	city	82960	walker	mayor	1	0	Gary L. Carey  Jr.	2022-11-08	?	6671	67	4	Y		 		www.walker.city/325/Elected-City-Officials	gcarey@walker.city	616-292-1715			4	1	1
6440	city-cou	82960	walker		2	1	Steven Gilbert	2022-11-08	?	2279	98	4	Y		 		www.walker.city/325/Elected-City-Officials	sgilbert@walker.city	616-828-7763			4	1	2
650	city-cou	82960	walker		2	2	Jessica Babcock	2024-11-05	?	3304	98	4	 		 		www.walker.city/325/Elected-City-Officials	jbabcock@walker.city	616-634-6015			4	1	2
651	city-cou	82960	walker		2	3	Elaina A. Huizenga-Chase	2024-11-05	?	3158	97	4	 		 		www.walker.city/325/Elected-City-Officials	Echase@walker.city	616-334-1900			4	1	2
6441	city-cou	82960	walker		2	1	Thom Burke	2024-11-05	?	2795	97	4	 		 		www.walker.city/325/Elected-City-Officials	tburke@walker.city	619-379-6036			4	2	2
6442	city-cou	82960	walker		2	2	Roxanne Deschaine	2022-11-08	?	2774	98	4	Y		 		www.walker.city/325/Elected-City-Officials	rdeschaine@walker.city	616-885-4191			4	2	2
6443	city-cou	82960	walker		2	3	Melanie Grooters	2022-11-08	?	2632	98	4	Y		 		www.walker.city/325/Elected-City-Officials	mgrooters@walker.city	616-690-1719			4	2	2
2182	schl-cou	35550	wayland union		8	0	Erin Stepek	2024-11-05	?	3	30	4	 	R	 							4	1	8
2183	schl-cou	35550	wayland union		8	0	Daniel Cassini	2024-11-05	?	1	10	4	 	R	 		waylandunion.org/district/board-of-education	cassinid@waylandunion.org				4	2	8
2184	schl-cou	35550	wayland union		8	0	Stephanie Tromp	2024-11-05	?	2	20	4	 	R	 							4	3	8
2185	schl-cou	35550	wayland union		8	0	Theresa Dobry	2024-11-05	?	3	30	4	 	R	 		waylandunion.org/district/board-of-education	dobryt@waylandunion.org				4	4	8
7349	schl-cou	35550	wayland union		8	0	Jeff Koon	2022-11-08	?	4552	24	4	Y		 		waylandunion.org/district/board-of-education	koonjeff@waylandunion.org	616-886-8280			4	5	8
7350	schl-cou	35550	wayland union		8	0	Norman L. Taylor	2022-11-08	?	4520	24	4	Y		 		waylandunion.org/district/board-of-education	taylornorm@waylandunion.org	616-293-6648			4	6	8
7351	schl-cou	35550	wayland union		8	0	Pete Zondervan	2022-11-08	?	3329	18	4	Y		 		waylandunion.org/district/board-of-education	zondervanp@waylandunion.org&nbsp;				4	7	8
7352	schl-cou	35550	wayland union		8	0	Janel L. Hott	2022-11-08	?	3974	51	4	 		P		waylandunion.org/district/board-of-education	hottj@waylandunion.org	269-250-0286			4	8	8
666	city-cou	88940	wyoming		3	0	Sheldon DeKryger	2024-11-05	?	13251	49	4	 		 							4	1	3
6459	city-cou	88940	wyoming		1	1	Sheldon DeKryger	2022-11-08	?	5904	96	4	Y		 		www.wyomingmi.gov/About-Wyoming/City-Government/Mayor-City-Council		616-437-3045			4	1	1
667	city-cou	88940	wyoming		1	2	Marissa Postler	2024-11-05	?	6837	95	4	 		 		www.wyomingmi.gov/About-Wyoming/City-Government/Mayor-City-Council					4	1	1
668	city-cou	88940	wyoming		1	3	Robert Postema	2024-11-05	?	5990	67	4	 		 		www.wyomingmi.gov/About-Wyoming/City-Government/Mayor-City-Council		616-443-1718			4	1	1
6457	city-cou	88940	wyoming		3	0	Robert A. Arnoys	2022-11-08	?	10461	33	4	Y		 							4	2	3
6458	city-cou	88940	wyoming		3	0	Renee Hill	2022-11-08	?	12045	38	4	Y		 							4	3	3
2216	schl-cou	36570	wyoming		6	0	Jessica A. Hanselman	2020-11-03	?	8365	33	6	Y		 							6	1	6
2217	schl-cou	36570	wyoming		6	0	Jeff Norton	2020-11-03	?	10923	96	6	 		P		wyomingps.org/board-of-education	nortonj2@wyomingps.org				6	2	6
7388	schl-cou	36570	wyoming		6	0	Audrey L. Zapata	2022-11-08	?	7734	53	6	 		 		wyomingps.org/board-of-education	zapataa@wyomingps.org				6	3	6
7389	schl-cou	36570	wyoming		6	0	Lisa Manley	2022-11-08	?	6329	65	6	 		P		wyomingps.org/board-of-education	manleyl@wyomingps.org				6	4	6
9250	schl-cou	36570	wyoming		6	0	Lisa DeKryger	2024-11-05	?	6575	32	6	 		 							6	5	6
9251	schl-cou	36570	wyoming		6	0	Jennifer Lewis	2024-11-05	?	7802	38	6	 		 		wyomingps.org/board-of-education	lewisj@wyomingps.org				6	6	6
