id	org	district	locale	office	seatnum	subdist	name	elected	party	votes_C	pct	termlen	open	Res	Part	web	email	phone	address	headshot	Status
715	cnty	81		atty	1	0	Eli Savit	2024-11-05	D	158106	100	4				www.washtenaw.org/1070/Prosecuting-Attorney	prosecutor@washtenaw.org	734-222-6620	Courthouse, P.O. Box 8645, 200 N. Main, Suite 320, Ann Arbor, MI 48107		---
752	cnty	81		clerkreg	1	0	Lawrence Kestenbaum	2024-11-05	D	148458	71	4				www.washtenaw.org/262/Clerk-Register-of-Deeds	kestenbauml@washtenaw.org	734-222-6730	200 North Main Street, Suite 120, P.O. Box 8645, Ann Arbor, Michigan 48107-8645		
784	cnty	81		drain	1	0	Gretchen D. Driskell	2024-11-05	D	151966	73	4				www.washtenaw.org/154/Water-Resources		(734) 222-6860	705 North Zeeb Road, Ann Arbor MI 48103		
862	cnty	81		sheriff	1	0	Alyshia M. Dyer	2024-11-05	D	157782	100	4				www.washtenaw.org/1124/Sheriff	sheriff@washtenaw.org	(734) 971-8400	2201 Hogback Road, Ann Arbor MI 48105		
914	cnty	81		treas	1	0	Latitia Lamelle Sharp	2024-11-05	D	141670	68	4				www.washtenaw.org/1136/Treasurer	treasurer@washtenaw.org	(734) 222-6600	200 N Main Street Suite 200, P.O. Box 8645, Ann Arbor, MI 48107-8645		
1194	cnty-com	81			1	1	Jason Maciejewski	2024-11-05	D	17327	65	4				www.washtenaw.org/202/Board-of-Commissioners	maciejewskij@washtenaw.org	734-222-6850	220 North Main Street, Ann Arbor MI 48104		
1195	cnty-com	81			1	2	Crystal Lyte	2024-11-05	D	14566	57	4				www.washtenaw.org/202/Board-of-Commissioners	lytec@washtenaw.org	734-222-6850	220 North Main Street, Ann Arbor MI 48104		
1196	cnty-com	81			1	3	Shannon Beeman	2024-11-05	D	12850	52	4				www.washtenaw.org/202/Board-of-Commissioners	beemans@washtenaw.org	734-222-6850	220 North Main Street, Ann Arbor MI 48104		
1197	cnty-com	81			1	4	Caroline L. Sanders	2024-11-05	D	16088	74	4				www.washtenaw.org/202/Board-of-Commissioners	sandersc@washtenaw.org	734-222-6850	220 North Main Street, Ann Arbor MI 48104		
1198	cnty-com	81			1	5	Justin D. Hodge	2024-11-05	D	16063	69	4				www.washtenaw.org/202/Board-of-Commissioners	hodgej@washtenaw.org	734-222-6850	220 North Main Street, Ann Arbor MI 48104		
1199	cnty-com	81			1	6	Annie Somerville	2024-11-05	D	14751	81	4				www.washtenaw.org/202/Board-of-Commissioners	somervillea@washtenaw.org	734-222-6850	220 North Main Street, Ann Arbor MI 48104		
1200	cnty-com	81			1	7	Andy LaBarre	2024-11-05	D	16421	90	4				www.washtenaw.org/202/Board-of-Commissioners	labarrea@washtenaw.org	734-222-6850	220 North Main Street, Ann Arbor MI 48104		
1201	cnty-com	81			1	8	Yousef Rabhi	2024-11-05	D	16665	85	4				www.washtenaw.org/202/Board-of-Commissioners	rabhiy@washtenaw.org	734-222-6850	220 North Main Street, Ann Arbor MI 48104		
1202	cnty-com	81			1	9	Katie Scott	2024-11-05	D	22901	87	4				www.washtenaw.org/202/Board-of-Commissioners	scottk@washtenaw.org	734-222-6850	220 North Main Street, Ann Arbor MI 48104		
6272	city	3000	ann arbor	mayor	1	0	Christopher Taylor	2022-11-08	D	39680	76	4	Y			www.a2gov.org/Pages/default.aspx	CTaylor@a2gov.org	734-794-6161	301 E. Huron Street, Ann Arbor, MI 48104	https://www.a2gov.org/media/eytjlffb/christopher_taylor-web.jpg	
504	city-cou	3000	ann arbor		1	1	Lisa Disch	2024-11-05	D	9986	100	4				www.a2gov.org/city-council	LDisch@a2gov.org	734-369-3571	301 E. Huron Street, Ann Arbor, MI 48104	https://www.a2gov.org/media/2drixxm5/resized-lisa-disch-4x5.jpg?width=400&height=400&v=1db70bac03eca10&format=webp	
505	city-cou	3000	ann arbor		1	2	Jon Mallek	2024-11-05	D	9014	100	4				https://www.a2gov.org/city-council/	jmallek@a2gov.org	(734) 794-6161	301 E. Huron Street, Ann Arbor, MI 48104		
506	city-cou	3000	ann arbor		1	3	Travis Radina	2024-11-05	D	11555	100	4				www.a2gov.org/Pages/default.aspx	TRadina@a2gov.org	734-219-6551	301 E. Huron Street, Ann Arbor, MI 48104	https://www.a2gov.org/media/jrlnku40/travis-radina.webp?width=400&height=400&v=1daf95486f8c3b0&format=webp	
507	city-cou	3000	ann arbor		1	4	Jen Eyer	2024-11-05	D	11142	100	4				www.a2gov.org/Pages/default.aspx	JEyer@a2gov.org	734-210-0765	301 E. Huron Street, Ann Arbor, MI 48104	https://www.a2gov.org/media/c0bcfz4s/1600x900-city-council.webp?width=400&height=225&v=1daf95476a33ef0&format=webp	
508	city-cou	3000	ann arbor		1	5	Erica Briggs	2024-11-05	D	13759	100	4				www.a2gov.org/Pages/default.aspx	EBriggs@a2gov.org	734-355-3931	301 E. Huron Street, Ann Arbor, MI 48104	https://www.a2gov.org/media/5psdhnvj/erica-briggs.webp?width=400&height=400&v=1daf954873d6dd0&format=webp	
6327	city-cou	3000	ann arbor		2	1	Cynthia Harrison	2022-11-08	D	7460	100	4	Y			www.a2gov.org/Pages/default.aspx	CHarrison@a2gov.org	734-386-1221	301 E. Huron Street, Ann Arbor, MI 48104		
6328	city-cou	3000	ann arbor		2	2	Chris Watson	2022-11-08	D	7677	100	4	Y			www.a2gov.org/Pages/default.aspx	CWatson@a2gov.org	734-436-1504	301 E. Huron Street, Ann Arbor, MI 48104	https://www.a2gov.org/media/jbrdfwzq/chris-watson.webp?width=400&height=400&v=1daf95486dcb030&format=webp	
6329	city-cou	3000	ann arbor		2	3	Ayesha Ghazi Edwin	2022-11-08	D	9204	100	4	Y			www.a2gov.org/Pages/default.aspx	AGhaziEdwin@a2gov.org	734-726-0161	301 E. Huron Street, Ann Arbor, MI 48104	https://www.a2gov.org/media/gl5e4rld/ayesha-ghazi-edwin.webp?width=400&height=400&v=1daf95487101c40&format=webp	
6330	city-cou	3000	ann arbor		2	4	Dharma Akmon	2022-11-08	D	9193	100	4	Y			www.a2gov.org/Pages/default.aspx	DAkmon@a2gov.org	734-492-5866	301 E. Huron Street, Ann Arbor, MI 48104	https://www.a2gov.org/media/rgipewjq/dharma-akmon.webp?width=400&height=400&v=1daf954872774d0&format=webp	
6331	city-cou	3000	ann arbor		2	5	Jenn Cornell	2022-11-08	D	11545	87	4	Y			www.a2gov.org/Pages/default.aspx	JCornell@a2gov.org	734-765-0174	301 E. Huron Street, Ann Arbor, MI 48104	https://www.a2gov.org/media/c0bcfz4s/1600x900-city-council.webp?width=400&height=225&v=1daf95476a33ef0&format=webp	
1972	schl-cou	2820	ann arbor		1	0	Don Wilkerson	2024-11-05	N	35592	20	4				www.a2schools.org/board-of-education	wilkersond@aaps.k12.mi.us	231-903-1052	2555 South State St Ann Arbor, MI 48104		
1973	schl-cou	2820	ann arbor		2	0	Leslie Wilkins	2024-11-05	N	39986	22	4				www.a2schools.org/board-of-education	wilkinsl@aaps.k12.mi.us	734-436-1204	2555 South State St Ann Arbor, MI 48104		
1974	schl-cou	2820	ann arbor		3	0	Glynda T. Wilks	2024-11-05	N	35298	19	4				www.a2schools.org/board-of-education	wilksg@aaps.k12.mi.us	734-249-8039	2555 South State St Ann Arbor, MI 48104		
7178	schl-cou	2820	ann arbor		4	0	Susan Baskett	2022-11-08	N	27891	13	4	Y			www.a2schools.org/board-of-education	baskett@a2schools.org	734-994-2232	2555 South State St Ann Arbor, MI 48104		
7179	schl-cou	2820	ann arbor		5	0	Jacinda Townsend Gides	2022-11-08	N	26126	12	4	Y			www.a2schools.org/board-of-education		(734) 994-2200	2555 South State St Ann Arbor, MI 48104		
7180	schl-cou	2820	ann arbor		6	0	Rima Mohammad	2022-11-08	N	25493	12	4	Y			www.a2schools.org/board-of-education	mohammadr@a2schools.org	734-681-0181	2555 South State St Ann Arbor, MI 48104		
7181	schl-cou	2820	ann arbor		7	0	Susan Ward Schmidt	2022-11-08	N	20456	10	4	Y			www.a2schools.org/board-of-education	schmidts@a2schools.org	734-845-9706	2555 South State St Ann Arbor, MI 48104	https://schmidta2schoolboard.com/wp-content/uploads/2022/09/1gucbQQ4-1.png	
9049	schl-cou	2820	ann arbor		8	0	Torchio Feaster	2024-11-05	N	52236	100	4			P	www.a2schools.org/board-of-education	feastert@a2schools.org	734-531-7434	2555 South State St Ann Arbor, MI 48104		
2493	town	3020	ann arbor	town-clerk	1	0	Rena Basch	2024-11-05	D	2448	100	4				aatwp.org/township-government/departments/clerk	clerk@aatwp.org	734-663-3418	3792 Pontiac Trail Ann Arbor, Michigan  48105		
3158	town	3020	ann arbor	town-super	1	0	Diane O'Connell	2024-11-05	D	2522	100	4				aatwp.org	supervisor@aatwp.org	734-663-7303	3792 Pontiac Trail Ann Arbor, MI 48105		
3779	town	3020	ann arbor	town-treas	1	0	Carlene Colvin-Garcia	2024-11-05	D	2484	100	4				aatwp.org	treasurer@aatwp.org	734-663-3418 x107	3792 Pontiac Trail Ann Arbor, MI 48105		
4511	town-cou	3020	ann arbor	council	1	0	John E. Allison	2024-11-05	D	2304	24	4				aatwp.org	contact@aatwp.org	734-663-3418	3792 Pontiac Trail Ann Arbor, MI 48105		
4512	town-cou	3020	ann arbor	council	2	0	Della DiPietro	2024-11-05	D	2319	24	4				aatwp.org	contact@aatwp.org	734-663-3418	3792 Pontiac Trail Ann Arbor, MI 48105		
4513	town-cou	3020	ann arbor	council	3	0	Eric Kaldjian	2024-11-05	D	2349	25	4				aatwp.org	contact@aatwp.org	734-663-3418	3792 Pontiac Trail Ann Arbor, MI 48105		
4514	town-cou	3020	ann arbor	council	4	0	Peter Kotila	2024-11-05	D	2349	25	4				aatwp.org	contact@aatwp.org	(734) 663-3418	3792 Pontiac Trail Ann Arbor, MI 48105		
2590	town	4180	augusta	town-clerk	1	0	Kimberly Gonczy	2024-11-05	D	2294	51	4				augustatownship.org	clerk@augustatownship.org	734-461-6117	8970 Whittaker Rd, Ypsilanti, MI 48197		
3255	town	4180	augusta	town-super	1	0	Todd Waller	2024-11-05	R	2372	52	4				https://augustatownship.org/supervisor/	supervisor@augustatownship.org	(734) 461-6117	8021 Talladay Rd, Whittaker, MI 48191		
3876	town	4180	augusta	town-treas	1	0	Susan Burek	2024-11-05	D	2304	51	4				augustatownship.org	treasurer@augustatownship.org	734-461-6117	8970 Whittaker Rd, Ypsilanti, MI 48197		
4684	town-cou	4180	augusta	council	1	0	Linda E. Adams	2024-11-05	D	2123	14	4				augustatownship.org	ladams@augustatownship.org	734-461-6117	8970 Whittaker Rd, Ypsilanti, MI 48197		
4685	town-cou	4180	augusta	council	2	0	Keith A. Gipfert	2024-11-05	R	2139	14	4				augustatownship.org		734-461-6117	8970 Whittaker Rd, Ypsilanti, MI 48197		
4686	town-cou	4180	augusta	council	3	0	Michael Green	2024-11-05	R	2242	15	4				augustatownship.org		734-461-6117	8970 Whittaker Rd, Ypsilanti, MI 48197		
4687	town-cou	4180	augusta	council	4	0	Stephanie Prain	2024-11-05	R	2136	14	4				https://augustatownship.org/boards-committees/board-of-trustees/		(734) 461-6117	8021 Talladay Rd Whittaker, MI 48191		
5733	vil-cou	5660	barton hills	council	1	0	Brooke Calabrese	2024-11-05	N	126	20	4				https://bartonhillsvillage.org/boards/	bhvclerk@bartonhillsvillage.org	(734) 222-5209	199 Barton Shore Drive, Ann Arbor, MI 48105		
5734	vil-cou	5660	barton hills	council	2	0	Dennis Capozza	2024-11-05	N	109	17	4				https://bartonhillsvillage.org/boards/	bhvclerk@bartonhillsvillage.org	(734) 645-3830	240 Barton Shore Dr. Ann Arbor MI 48105		
5735	vil-cou	5660	barton hills	council	3	0	Richard L. Prager	2024-11-05	N	129	20	4				https://bartonhillsvillage.org/boards/	bhvclerk@bartonhillsvillage.org	(734) 222-5209	199 Barton Shore Drive Ann Arbor, MI 48105		
5736	vil-cou	5660	barton hills	council	4	0	Alicia M. Torres	2024-11-05	N	136	21	4				https://bartonhillsvillage.org/boards/	bhvclerk@bartonhillsvillage.org	(734) 222-5209	199 Barton Shore Drive Ann Arbor, MI 48105		
5737	vil-cou	5660	barton hills	council	5	0	Carla M. Smith	2024-11-05	N	123	19	4				https://bartonhillsvillage.org/boards/	bhvclerk@bartonhillsvillage.org	(734) 222-5209	199 Barton Shore Drive Ann Arbor, MI 48105		
7770	vil-cou	5660	barton hills	council	6	0	Marcus M. Darden	2022-11-08	N	103	16	4	Y			bartonhillsvillage.org	bhvclerk@bartonhillsvillage.org	734-222-5209	199 Barton Shore Drive Ann Arbor, MI 48105		
7771	vil-cou	5660	barton hills	council	7	0	Mostafa Haitam	2022-11-08	N	84	13	4	Y			bartonhillsvillage.org	bhvclerk@bartonhillsvillage.org	734-222-5209	199 Barton Shore Drive Ann Arbor, MI 48105		
7772	vil-cou	5660	barton hills	council	8	0	Robert Hensinger	2022-11-08	N	123	19	4	Y			https://bartonhillsvillage.org/boards/	bhvclerk@bartonhillsvillage.org	(734) 222-5209	199 Barton Shore Drive, Ann Arbor MI 48105		
7773	vil-cou	5660	barton hills	council	9	0	Randolph Perry	2022-11-08	N	95	14	4	Y			bartonhillsvillage.org	bhvclerk@bartonhillsvillage.org	734-222-5209	199 Barton Shore Drive Ann Arbor, MI 48105		
2347	town	10560	bridgewater	town-clerk	1	0	Michelle McQueer	2024-11-05	R	831	100	4				twp-bridgewater.org	bridgewatertwpclerk@yahoo.com	517-513-9525	10990 Clinton Rd Manchester, Michigan  48158		
3011	town	10560	bridgewater	town-super	1	0	Laurie Fromhart	2024-11-05	R	826	100	4				twp-bridgewater.org	bridgewatertwpsupervisor@yahoo.com	734-223-2766	10990 Clinton Road, Manchester, MI 48158		
3631	town	10560	bridgewater	town-treas	1	0	Amy Ahrens	2024-11-05	R	823	100	4				twp-bridgewater.org	bridgewatertwptreasurer@yahoo.com	734-678-9837	10990 Clinton Road, Manchester, MI 48158		
4256	town-cou	10560	bridgewater	council	1	0	David C. Faust	2024-11-05	R	783	51	4				twp-bridgewater.org	faustd2@me.com	517-456-4969	10990 Clinton Road, Manchester, MI 48158		
4257	town-cou	10560	bridgewater	council	2	0	R. Geoffrey Oliver	2024-11-05	R	747	48	4				twp-bridgewater.org	goliver@frontier.com	517-403-2083	10990 Clinton Road, Manchester, MI 48158		
5884	city	15020	chelsea	mayor	1	0	Kate Henson	2025-11-04	N	1391	64	4				www.city-chelsea.org		(734) 769-3175	305 S. Main St., Suite 100, Chelsea, MI 48118		
5962	city-cou	15020	chelsea		1	0	Sam Angus	2025-11-04	N	1590	29	4				www.city-chelsea.org	sangus@city-chelsea.org	734-475-1771	305 S. Main St., Suite 100, Chelsea, MI 48118		
5963	city-cou	15020	chelsea		2	0	Tony Iannelli	2025-11-04	N	1439	26	4				www.city-chelsea.org	tiannelli@city-chelsea.org	734-475-1771	305 S. Main St., Suite 100, Chelsea, MI 48118 		
5964	city-cou	15020	chelsea		3	0	Felix Stump	2025-11-04	N	1268	23	4				www.city-chelsea.org	fstump@city-chelsea.org	(734) 487-3363	305 S. Main St., Suite 100, Chelsea, MI 48118		
7922	city-cou	15020	chelsea		4	0	Eric Keaton	2023-11-07	N	922	26	4				www.city-chelsea.org	ekeaton@city-chelsea.org	734-475-1771	305 S. Main St., Suite 100, Chelsea, MI 48118 		
7923	city-cou	15020	chelsea		5	0	George W. Merkel	2023-11-07	N	974	27	4				www.city-chelsea.org	gmerkel@city-chelsea.org	734-475-1771	305 S. Main St., Suite 100, Chelsea, MI 48118 		
7924	city-cou	15020	chelsea		6	0	Beth Morris	2023-11-07	N	886	25	4				www.city-chelsea.org	bmorris@city-chelsea.org	734-475-1771	305 S. Main St., Suite 100, Chelsea, MI 48118 	https://thesuntimesnews.com/wp-content/uploads/2024/04/chelseabldg.jpeg.jpg	
2325	schl-cou	8940	chelsea		1	0	Eric E. Wilkinson	2020-11-03	N	4479	30	6	Y	R		www.chelseaschools.org/about-us/board-of-education	csb@chelseaschools.org	734-433-2200	500 Washington Street Chelsea, MI 48118	https://www.chelseaschools.org/uploaded/Staff_Photos/2023-2024/Central_Office/School_Board/Small/Wilkinson_Small.jpg	
7486	schl-cou	8940	chelsea		2	0	Erin Hunt-Carter	2024-11-05	N	6000	50	6				www.chelseaschools.org/about-us/board-of-education	csb@chelseaschools.org	734-433-2200	500 Washington Street Chelsea, MI 48118		
7487	schl-cou	8940	chelsea		3	0	Glenn Fox	2022-11-08	N	5142	20	6				www.chelseaschools.org/about-us/board-of-education	csb@chelseaschools.org	734-433-2200	500 Washington Street Chelsea, MI 48118	https://www.chelseaschools.org/uploaded/Staff_Photos/2023-2024/Central_Office/School_Board/Small/Fox_Small.jpg	
7488	schl-cou	8940	chelsea		4	0	Michelle Craig	2022-11-08	N	5022	19	6				www.chelseaschools.org/about-us/board-of-education	csb@chelseaschools.org	734-433-2200	500 Washington Street Chelsea, MI 48118	https://www.chelseaschools.org/uploaded/Staff_Photos/2024-2025/Admin/MCS.jpg	
9398	schl-cou	8940	chelsea		5	0	Heidi E. Reyst	2024-11-05	N	5876	49	6				www.chelseaschools.org/about-us/board-of-education	csb@chelseaschools.org	734-433-2200	500 Washington Street Chelsea, MI 48118		
9399	schl-cou	8940	chelsea		6	0	Sara Tracy	2024-11-05	N	6495	100	6	Y		P	www.chelseaschools.org/about-us/board-of-education	stracy@chelseaschools.org	734-433-2200	500 Washington Street Chelsea, MI 48118	https://www.chelseaschools.org/uploaded/Staff_Photos/2024-2025/Admin/STS.jpg	
1480	schl-cou	10050	clinton		1	0	Dale Wingerd	2020-11-03	N	2230	49	6	Y			www.miclintonschools.org/page/board-of-education	dwingerd17@gmail.com	517-605-5252	341 East Michigan Ave Clinton, MI 49236		
1481	schl-cou	10050	clinton		2	0	Steve Clegg	2020-11-03	N	2287	50	6	Y			www.miclintonschools.org/page/board-of-education	cleggsteven66@gmail.com	517-458-4084	341 East Michigan Ave Clinton, MI 49236		
6734	schl-cou	10050	clinton		3	0	Chad Erickson	2022-11-08	N	1730	33	6				www.miclintonschools.org/page/board-of-education	chad.erickson@stjoeshealth.org	517-605-2864	341 East Michigan Ave Clinton, MI 49236		
6735	schl-cou	10050	clinton		4	0	Monica Renee VanTuyle	2022-11-08	N	1699	33	6				www.miclintonschools.org/page/board-of-education		313-330-3518	341 East Michigan Ave Clinton, MI 49236		
6736	schl-cou	10050	clinton		5	0	Shirley Harris	2022-11-08	N	1702	33	6				www.miclintonschools.org/page/board-of-education		517-605-1254	341 East Michigan Ave Clinton, MI 49236		
6737	schl-cou	10050	clinton		6	0	Kelly Schmidt	2024-11-05	N	1652	36	6				www.miclintonschools.org/page/board-of-education	schmidtkelly66@gmail.com	313-903-5027	341 East Michigan Ave Clinton, MI 49236		
8575	schl-cou	10050	clinton		7	0	Mike Houghton	2024-11-05	N	1660	37	6				www.miclintonschools.org/page/board-of-education		734-904-1791	341 East Michigan Ave Clinton, MI 49236		
2288	schl-cou	6990	columbia		1	0	Kyle Bamm	2020-11-03	N	3006	30	6	Y			www.myeagles.org/page/board-of-education	KyleBamm@gmail.com	517-499-4492	11775 Hewitt Road Brooklyn, MI 49230		
2289	schl-cou	6990	columbia		2	0	Lindsey Schiel	2020-11-03	N	3730	37	6	Y			www.myeagles.org/page/board-of-education	lindseylee619@yahoo.com	517-745-9036	11775 Hewitt Road Brooklyn, MI 49230		
2290	schl-cou	6990	columbia		3	0	Robert B. Wahr	2020-11-03	N	3190	32	6	Y			www.myeagles.org/page/board-of-education	bobwahr215@comcast.net	517-592-6106	11775 Hewitt Road Brooklyn, MI 49230		
7456	schl-cou	6990	columbia		4	0	Crystal Buter	2022-11-08	N	2113	33	6				www.myeagles.org/page/board-of-education	crystalbuter@yahoo.com	517-592-6641	11775 Hewitt Road Brooklyn, MI 49230	https://theexponentlive.com/wp-content/uploads/2022/10/Crystal-Buter-headshot-1024x768.jpg	
7457	schl-cou	6990	columbia		5	0	Roger Downey	2022-11-08	N	2296	36	6				www.myeagles.org/page/board-of-education	3000.supe@gmail.com	517-262-2335	11775 Hewitt Road Brooklyn, MI 49230	https://theexponentlive.com/wp-content/uploads/2022/10/Roger-Downey-headshot-819x1024.jpg	
9336	schl-cou	6990	columbia		6	0	Tiffany Flinn	2024-11-05	N	2799	31	6				www.myeagles.org/page/board-of-education	tiffanyflinn14@icloud.com	517-740-0537	11775 Hewitt Road Brooklyn, MI 49230		
9337	schl-cou	6990	columbia		7	0	Tim Creech	2024-11-05	N	3282	37	6				www.myeagles.org/page/board-of-education	creechforcolumbia@gmail.com	517-612-9735	11775 Hewitt Road Brooklyn, MI 49230		
6270	city	22160	dexter	mayor	1	0	Shawn W. Keough	2022-11-08	N	1525	64	4	Y			www.dextermi.gov	SKeough@DexterMI.gov	734-426-8303	3515 Broad Street, Dexter, Michigan 48130		
487	city-cou	22160	dexter		1	0	Ray Tell	2024-11-05	N	105	3	4				https://dextermi.gov/government/city_council_directory.php	rtell@dextermi.gov	(734) 426-8303	3515 Broad St., Dexter, MI 48130		
488	city-cou	22160	dexter		2	0	Wa-Louisa Hubbard	2024-11-05	N	1445	48	4				www.dextermi.gov	WHubbard@DexterMI.gov	734-426-8303	3515 Broad Street, Dexter, Michigan 48130		
489	city-cou	22160	dexter		3	0	Zach Michels	2024-11-05	N	1407	47	4				www.dextermi.gov	ZMichels@DexterMI.gov	734-426-8303	3515 Broad Street, Dexter, Michigan 48130	https://thesuntimesnews.com/wp-content/uploads/2024/11/20240907_083100-scaled.jpg	
6317	city-cou	22160	dexter		4	0	Sanam Arab	2022-11-08	N	1275	46	4	Y			www.dextermi.gov	sarab@dextermi.gov	734-426-8303	3515 Broad Street, Dexter, Michigan 48130	https://sanamfordexter.com/wp-content/uploads/2022/08/sanam-2-02511.jpg?w=1024	
6318	city-cou	22160	dexter		5	0	Joseph R. Semifero	2022-11-08	N	1198	43	4	Y			www.dextermi.gov	JSemifero@DexterMI.gov	734-426-8303	3515 Broad Street, Dexter, Michigan 48130		
6319	city-cou	22160	dexter		6	0	Daniel Leroy Schlaff	2022-11-08	W	285	10	4	Y			www.dextermi.gov	DSchlaff@DexterMI.gov	734-426-8303	3515 Broad Street, Dexter, Michigan 48130		
1522	schl-cou	12030	dexter		1	0	Brian J. Arnold	2020-11-03	N	5006	19	6	Y			www.dexterschools.org/district/board-of-education	arnoldb@dexterschools.org	734-424-4100	2704 Baker Rd, Dexter, MI 48130	https://www.dexterschools.org/uploaded/board_of_education/board_images/Arnold,_Brian.png	
1523	schl-cou	12030	dexter		2	0	Elise Bruderly	2020-11-03	N	6242	24	6	Y			www.dexterschools.org/district/board-of-education	bruderlye@dexterschools.org	734-424-4100	2704 Baker Rd, Dexter, MI 48130	https://www.dexterschools.org/uploaded/board_of_education/board_images/Elise_Bruderly.png	
1524	schl-cou	12030	dexter		3	0	Jennifer Kangas	2020-11-03	N	5685	22	6	Y			www.dexterschools.org/district/board-of-education	kangasj@dexterschools.org	734-424-4100	2704 Baker Rd, Dexter, MI 48130	https://www.dexterschools.org/uploaded/board_of_education/board_images/Jennifer_Kangas.png	
6779	schl-cou	12030	dexter		4	0	Daniel Alabre	2022-11-08	N	6377	32	6				www.dexterschools.org/district/board-of-education	alabred@dexterschools.org	734-424-4100	2704 Baker Rd, Dexter, MI 48130		
6780	schl-cou	12030	dexter		5	0	Melanie Klark Szawara	2022-11-08	N	6139	31	6				www.dexterschools.org/district/board-of-education	szawarm@dexterschools.org	734-424-4100	2704 Baker Rd, Dexter, MI 48130	https://www.washbar.org/wp-content/uploads/2023/10/Szawara-Melanie-2021.jpg	
8628	schl-cou	12030	dexter		6	0	Michael Cipolla	2024-11-05	N	6333	35	6				www.dexterschools.org/district/board-of-education	cipollam@dexterschools.org	734-424-4100	2704 Baker Rd, Dexter, MI 48130	https://www.dexterschools.org/uploaded/board_of_education/board_images/Mike_Cipolla.jpeg	
8629	schl-cou	12030	dexter		7	0	Amy Reiser	2024-11-05	N	7076	39	6				www.dexterschools.org/district/board-of-education	reisera@dexterschools.org	734-424-4100	2704 Baker Rd, Dexter, MI 48130	https://www.dexterschools.org/uploaded/board_of_education/board_images/Amy_Reiser.png	
2447	town	22180	dexter	town-clerk	1	0	Michelle Stamboulellis	2024-11-05	D	2891	100	4				www.dextertownship.org/clerk	clerk@dextertownshipmi.gov	734-426-3767 x110	6880 Dexter Pinckney Road Dexter, Michigan  48130		
3112	town	22180	dexter	town-super	1	0	Lonnie Scott	2024-11-05	D	2466	52	4				www.dextertownshipmi.gov/township-board	supervisor@dextertownshipmi.gov	734-426-3767 x100	6880 Dexter-Pinckney Road, Dexter, MI 48130		
3733	town	22180	dexter	town-treas	1	0	Brad Metz	2024-11-05	D	2781	100	4				www.dextertownshipmi.gov/treasurer	treasurer@dextertownshipmi.gov	734-426-3767 x120	6880 Dexter Pinckney Road Dexter, Michigan 48130		
4429	town-cou	22180	dexter	council	1	0	Alicia Abbott	2024-11-05	D	2445	17	4				www.dextertownship.org	aabott@dextertownshipmi.gov	734-426-3767	6880 Dexter-Pinckney Road, Dexter, MI 48130		
4430	town-cou	22180	dexter	council	2	0	Karen Nolte	2024-11-05	D	2436	17	4				www.dextertownship.org	knolte@dextertownshipmi.gov	734-726-7594	6880 Dexter-Pinckney Road, Dexter, MI 48130		
4431	town-cou	22180	dexter	council	3	0	Laura Sanders	2024-11-05	D	2445	17	4				www.dextertownship.org	lsanders@dextertownshipmi.gov	734-726-7591	6880 Dexter-Pinckney Road, Dexter, MI 48130		
4432	town-cou	22180	dexter	council	4	0	Karen Sikkenga	2024-11-05	D	2388	17	4				www.dextertownship.org	ksikkenga@dextertownship.gov	734-426-3767	6880 Dexter-Pinckney Road, Dexter, MI 48130		
2498	town	30520	freedom	town-clerk	1	0	Valisa Bristle	2024-11-05	R	714	100	4				http://www.twp-freedom.org	vbristle@freedomtownshipmi.org	734-428-7545	11508 Pleasant Lake Road Manchester, Michigan  48158		
3163	town	30520	freedom	town-super	1	0	Larry Lindemann	2024-11-05	R	684	100	4				http://www.twp-freedom.org	llindemann@freedomtownshipmi.org 	734-428-7545 x1	 11508 Pleasant Lake Road, Manchester, MI		
3784	town	30520	freedom	town-treas	1	0	Rudy T. Layher	2024-11-05	R	698	100	4				http://www.twp-freedom.org	rlayher@freedomtownshipmi.org	734-428-7545 x3	 11508 Pleasant Lake Road, Manchester, MI		
4522	town-cou	30520	freedom	council	1	0	Dennis Earl Huehl	2024-11-05	R	659	50	4				http://www.twp-freedom.org	dhuehl@freedomtownshipmi.org	734-260-4454	 11508 Pleasant Lake Road, Manchester, MI		
4523	town-cou	30520	freedom	council	2	0	Daniel L. Schaible	2024-11-05	R	644	49	4				http://www.twp-freedom.org	dschaible@freedomtownshipmi.org	734-545-2615	 11508 Pleasant Lake Road, Manchester, MI		
1611	schl-cou	16830	grass lake		1	0	Chris Maynard	2020-11-03	N	1678	35	6	Y			www.grasslakeschools.com/board-of-education/index	chrismaynard313@gmail.com	517-867-5540	899 S. Union Street Grass Lake, MI 49240		
1612	schl-cou	16830	grass lake		2	0	Shari Hein	2020-11-03	N	1641	34	6	Y			www.grasslakeschools.com/board-of-education/index	sharihein@gmail.com	517-867-5540	899 S. Union Street Grass Lake, MI 49240		
6877	schl-cou	16830	grass lake		3	0	Janey Bisard	2022-11-08	N	1122	22	6				www.grasslakeschools.com/board-of-education/index	janey.bisard@gmail.com	517-867-5540	899 S. Union Street Grass Lake, MI 49240		
6878	schl-cou	16830	grass lake		4	0	Mark J. Rankin	2022-11-08	N	1232	24	6				www.grasslakeschools.com/board-of-education/index	marklrankin23@gmail.com	517-867-5540	899 S. Union Street Grass Lake, MI 49240		
8752	schl-cou	16830	grass lake		5	0	Amy Humbarger	2024-11-05	N	1676	16	6				www.grasslakeschools.com/board-of-education/index	ahumbarger@juno.com	517-867-5540	899 S. Union Street Grass Lake, MI 49240		
8753	schl-cou	16830	grass lake		6	0	Joe DeBoe	2024-11-05	N	1592	15	6				www.grasslakeschools.com/board-of-education/index	debolanterns@gmail.com	517-867-5540	899 S. Union Street Grass Lake, MI 49240		
8754	schl-cou	16830	grass lake		7	0	Kyle R. McClure	2024-11-05	N	1374	13	6				www.grasslakeschools.com/board-of-education/index		517-867-5540	899 S. Union Street Grass Lake, MI 49240		
2630	town	47460	lima	town-clerk	1	0	Ann Kwaske	2024-11-05	N	189	100	4				limatownshipmi.gov/departments/election-information	akwaske@limatownshipmi.gov	734-475-2246 x203	11452 Jackson Rd, Dexter, MI 48130		
3295	town	47460	lima	town-super	1	0	William VanRiper	2024-11-05	R	1657	96	4				https://limatownshipmi.gov/board-of-trustees/	bvanriper@limatownshipmi.gov	(734) 475-2246	12172 Jackson Road, Dexter, MI 48130		
3916	town	47460	lima	town-treas	1	0	Nanette Havens	2024-11-05	R	1591	100	4				limatownshipmi.gov	nhavens@limatownshipmi.gov	734-475-2246 x205	11452 Jackson Rd, Dexter, MI 48130		
4758	town-cou	47460	lima	council	1	0	Dale Luick	2024-11-05	R	1240	35	4				limatownshipmi.gov	daluick@limatownshipmi.gov	734-475-2246	11452 Jackson Rd, Dexter, MI 48130		
4759	town-cou	47460	lima	council	2	0	Greg McKenzie	2024-11-05	R	1421	41	4				limatownshipmi.gov	gmckenzie@limatownshipmi.gov	734-475-2246	11452 Jackson Rd, Dexter, MI 48130		
1764	schl-cou	21570	lincoln		1	0	Jennifer Czachorski	2020-11-03	N	7422	27	6	Y			www.lincolnk12.org/our-district/about-lcs/board-of-education	czachorskij@lincolnk12.org	734-484-7000	7425 Willis Road Ypsilanti, MI 48197		
1765	schl-cou	21570	lincoln		2	0	Jennifer LaBombarbe	2020-11-03	N	7707	28	6	Y			www.lincolnk12.org/our-district/about-lcs/board-of-education	labombarbej@lincolnk12.org	734-484-7000	7425 Willis Road Ypsilanti, MI 48197		
1766	schl-cou	21570	lincoln		3	0	Thomas Rollins	2020-11-03	N	6455	23	6	Y			www.lincolnk12.org/our-district/about-lcs/board-of-education	trollins75@gmail.com	(800) 877-8339	7425 Willis Road Ypsilanti, MI 48197	https://millercenter.org/sites/default/files/2024-04/Rollins_Thomas.jpg	
7015	schl-cou	21570	lincoln		4	0	Jason D. Moore	2024-11-05	N	8755	47	6				www.lincolnk12.org/our-district/about-lcs/board-of-education	jasonj@lincolnk12.org	734-484-7000	7425 Willis Road Ypsilanti, MI 48197		
7016	schl-cou	21570	lincoln		5	0	Matthew Bentley	2022-11-08	N	5166	27	6				www.lincolnk12.org/our-district/about-lcs/board-of-education	bentleym@lincolnk12.org	734-484-7000	7425 Willis Road Ypsilanti, MI 48197	https://www.cityofhillsdale.org/sites/default/files/imageattachments/directory/7948/bentley_matthew.jpg	
7017	schl-cou	21570	lincoln		6	0	Stacy Kind	2022-11-08	N	5324	28	6				www.lincolnk12.org/our-district/about-lcs/board-of-education	sakind@yahoo.com	(517) 373-4980	7425 Willis Road Ypsilanti, MI 48197		
8889	schl-cou	21570	lincoln		7	0	Lauren Smith	2024-11-05	N	9303	50	6				www.lincolnk12.org/our-district/about-lcs/board-of-education	smithln@lincolnk12.org	734-484-7000	7425 Willis Road Ypsilanti, MI 48197	https://www.uofmhealthsparrow.org/sites/default/files/physicians/s/smith-lauren-md-1723053964.jpg	
2639	town	49120	lodi	town-clerk	1	0	Christina Schaible Smith	2024-11-05	R	2228	52	4				loditownshipmi.org/elections-and-clerks-office	christina@loditownshipmi.org	734-665-7583	3755 Pleasant Lake Road Ann Arbor, Michigan  48103	https://loditownshipmi.org/wp-content/uploads/2018/06/Lodi_Township_Hall_250.jpg	
3304	town	49120	lodi	town-super	1	0	Janann Godek	2024-11-05	R	2206	51	4				https://loditownshipmi.org/board-of-trustees-members/		(734) 665-7583	3755 Pleasant Lake Road, Ann Arbor, MI 48103		
3925	town	49120	lodi	town-treas	1	0	Michelle K. Foley	2024-11-05	R	2708	100	4				loditownshipmi.org	michelle@loditownshipMI.org	734-665-7583	3755 Pleasant Lake Road, Ann Arbor, MI 48103	https://loditownshipmi.org/wp-content/uploads/2018/06/Lodi_Township_Hall_250.jpg	
4770	town-cou	49120	lodi	council	1	0	Leslie Blackburn	2024-11-05	D	2193	13	4				loditownshipmi.org		734-665-7583	3755 Pleasant Lake Road, Ann Arbor, MI 48103		
4771	town-cou	49120	lodi	council	2	0	Steve Marsh	2024-11-05	D	2200	13	4				loditownshipmi.org		734-665-7583	3755 Pleasant Lake Road, Ann Arbor, MI 48103		
4772	town-cou	49120	lodi	council	3	0	Alex Matelski	2024-11-05	D	2044	12	4				loditownshipmi.org		734-665-7583	3755 Pleasant Lake Road, Ann Arbor, MI 48103		
4773	town-cou	49120	lodi	council	4	0	Donald A. Rentschler	2024-11-05	R	2017	12	4				loditownshipmi.org	Rentschler@LodiTownshipMI.org 	734-665-7583	3755 Pleasant Lake Road, Ann Arbor, MI 48103	https://loditownshipmi.org/wp-content/uploads/2018/06/Lodi_Township_Hall_250.jpg	
2642	town	49780	lyndon	town-clerk	1	0	Linda Reilly	2024-11-05	D	1134	100	4				lyndontownshipmi.gov/township-boards-officials-and-commissions/township-clerk	clerk@lyndontownshipmi.gov	734-475-2401 x11	17751 N Territorial Rd Chelsea, Michigan  48118	https://lyndontownshipmi.gov/wp-content/uploads/2021/07/Lyndon-Township-Hall-Exterior-scaled.jpg	
3306	town	49780	lyndon	town-super	1	0	Pam Byrnes	2024-11-05	D	1123	100	4				lyndontownshipmi.gov	supervisor@lyndontownshipmi.gov	734-475-2401	17751 N. Territorial Road, Chelsea, MI 48118	https://lyndontownshipmi.gov/wp-content/uploads/2021/07/Lyndon-Township-Hall-Exterior-scaled.jpg	
3928	town	49780	lyndon	town-treas	1	0	Kristen Brekke	2024-11-05	D	1101	100	4				lyndontownshipmi.gov	treasurer@lyndontownshipmi.gov	734-475-2401	17751 N. Territorial Road, Chelsea, MI 48118	https://lyndontownshipmi.gov/wp-content/uploads/2021/07/Lyndon-Township-Hall-Exterior-scaled.jpg	
4776	town-cou	49780	lyndon	council	1	0	Tim Eder	2024-11-05	D	1059	52	4				lyndontownshipmi.gov/township-boards-officials-and-commissions	timeder@lyndontownshipmi.gov	734-475-2401	17751 N Territorial Rd Chelsea, Michigan 48118		
4777	town-cou	49780	lyndon	council	2	0	Robert Mester	2024-11-05	D	975	47	4				lyndontownshipmi.gov/township-boards-officials-and-commissions	trusteemester@yahoo.com	734-475-2401	17751 N Territorial Rd Chelsea, Michigan 48118		
7893	city	50660	manchester	mayor	1	0	Patricia K. Vailliencourt	2025-11-04	N	334	100	2				https://city-manchester.org/village-council/	pvailliencourt@city-manchester.org	(734) 428-7877	912 City Road, Manchester, MI 48158		
8040	city-cou	50660	manchester		1	0	Marsha Johnson Chartrand	2023-11-07	N	442	16	4				https://city-manchester.org/village-council/	mjchartrand@city-manchester.org	(517) 513-9525	10990 Clinton Road, Manchester, MI 48158		
8041	city-cou	50660	manchester		2	0	Sue LaRocque	2023-11-07	N	448	16	4				https://city-manchester.org/village-council/	slarocque@city-manchester.org	(734) 428-7877	912 City Road, Manchester, MI 48158		
8042	city-cou	50660	manchester		3	0	Martin J. Way	2023-11-07	N	359	13	4				https://city-manchester.org/village-council/	mway@city-manchester.org	(734) 428-7877	912 City Road, Manchester, MI 48158		
8043	city-cou	50660	manchester		4	0	Amelia L. Woods	2023-11-07	N	268	9	4				https://city-manchester.org/village-council/	awoods@city-manchester.org	(734) 428-7877	912 City Road, Manchester, MI 48158		
11416	city-cou	50660	manchester		5	0	Cynthia Dresch	2025-11-04	N	315	35	4				https://city-manchester.org/village-council/	cdresch@vil-manchester.org	(734) 649-4303	300 River Bend St. Manchester, MI 48158		
11417	city-cou	50660	manchester		6	0	Steven Harvey	2025-11-04	N	307	34	4				https://city-manchester.org/village-council/	sharvey@vil-manchester.org	(734) 428-7803	406 W. Main, Manchester, MI 48158		
11418	city-cou	50660	manchester		7	0	Amelia L. Woods	2025-11-04	N	269	30	4				https://city-manchester.org/village-council/	awoods@city-manchester.org	(734) 428-7877	912 City Road, Manchester, MI 48158		
1788	schl-cou	22380	manchester		1	0	Brandon Woods	2024-11-05	N	2081	31	4				www.manchesterschools.us/district/board-of-education	bwoods@mcs.k12.mi.us	734-428-9711	710 E. Main Street Manchester, MI 48158		
1789	schl-cou	22380	manchester		2	0	Colleen A. Schoenfeld	2024-11-05	N	2042	31	4				www.manchesterschools.us/district/board-of-education	cschoenfeld@mcs.k12.mi.us	734-428-9711	710 E. Main Street Manchester, MI 48158		
1790	schl-cou	22380	manchester		3	0	Jennifer Caszatt	2024-11-05	N	2126	32	4				www.manchesterschools.us/district/board-of-education	jcaszatt@mcs.k12.mi.us	734-428-9711	710 E. Main Street Manchester, MI 48158		
1791	schl-cou	22380	manchester		4	0	Sarah Roth	2024-11-05	N	272	4	4				www.manchesterschools.us/district/board-of-education	sroth@mcs.k12.mi.us	734-428-9711	710 E. Main Street Manchester, MI 48158		
7037	schl-cou	22380	manchester		5	0	Michael J. Tindall	2022-11-08	N	1989	20	4	Y			www.manchesterschools.us/district/board-of-education	mtindall@mcs.k12.mi.us	734-428-9711	710 E. Main Street Manchester, MI 48158	https://manchesterschools-cdn.fxbrt.com/downloads/_acct_/00/00/11/21/michael-tindall.jpg	
7038	schl-cou	22380	manchester		6	0	Rebecca Harvey	2022-11-08	N	1900	19	4	Y			www.manchesterschools.us/district/board-of-education	rharvey@mcs.k12.mi.us	734-428-7803	710 E. Main Street Manchester, MI 48158		
7039	schl-cou	22380	manchester		7	0	Sandra Wiitala	2022-11-08	N	1979	20	4	Y			www.manchesterschools.us/district/board-of-education	swiitala@mcs.k12.mi.us	734-428-9711	710 E. Main Street Manchester, MI 48158	https://manchesterschools-cdn.fxbrt.com/downloads/_acct_/00/00/11/18/sandra_wiitala.png	
2649	town	50680	manchester	town-clerk	1	0	Danell Steele Proctor	2024-11-05	R	1321	100	4				https://twp-manchester.org/township-board/	mtwp_clerk@sbcglobal.net	734-428-7090	275 S Macomb Manchester, Michigan  48158		
3313	town	50680	manchester	town-super	1	0	Ronald A. Milkey	2024-11-05	R	1319	100	4				twp-manchester.org	rmilkey@twp-manchester.org	734-428-7090	275 S. Macomb, P.O. Box 668, Manchester, MI 48158		
3935	town	50680	manchester	town-treas	1	0	Kim Thompson	2024-11-05	R	1284	100	4				twp-manchester.org	kthompson@twp-manchester.org	734-428-7090	275 S. Macomb, P.O. Box 668, Manchester, MI 48158		
4793	town-cou	50680	manchester	council	1	0	John Seefeld	2024-11-05	D	656	22	4				twp-manchester.org	jseefeld@yahoo.com	734-428-7090	275 S. Macomb, P.O. Box 668, Manchester, MI 48158		
4794	town-cou	50680	manchester	council	2	0	Michael Fusilier	2024-11-05	R	1225	41	4				twp-manchester.org	mfusili@michfb.com	734-428-7090	275 S. Macomb, P.O. Box 668, Manchester, MI 48158	https://www.michfb.com/sites/default/files/inline-images/mike-fusilier.jpg	
4795	town-cou	50680	manchester	council	3	0	Lisa Moutinho	2024-11-05	N	401	13	4				twp-manchester.org	lisamoutinho@gmail.com	734-428-7090	275 S. Macomb, P.O. Box 668, Manchester, MI 48158		
4796	town-cou	50680	manchester	council	4	0	Michael Walter	2024-11-05	N	358	12	4				https://twp-manchester.org/township-board/		(734) 428-7090	275 S. Macomb, P.O. Box 668, Manchester, MI 48158		
5916	city	53920	milan	mayor	1	0	Edward J. Kolar III	2025-11-04	N	1017	64	2				milanmich.org	edkolar@milanmich.org	734-439-1501	147 Wabash, Milan MI 48160		
6103	city-cou	53920	milan		1	0	Jesse Robert Nie	2025-11-04	N	830	21	4				milanmich.org	jessenie@milanmich.org	734-439-1501	147 Wabash, Milan MI 48160		
6104	city-cou	53920	milan		2	0	Marie Gress	2025-11-04	N	909	23	4				milanmich.org	mariegress@milanmich.org	734-439-1501	147 Wabash, Milan MI 48160		
6105	city-cou	53920	milan		3	0	Shannon Dare Wayne	2025-11-04	N	948	24	4				milanmich.org	shannonw@milanmich.org	734-439-1501	147 Wabash, Milan MI 48160		
8050	city-cou	53920	milan		4	0	Mary C. Kerkes	2023-11-07	N	871	24	4				milanmich.org	maryk@milanmich.org	734-439-1501	147 Wabash, Milan MI 48160		
8051	city-cou	53920	milan		5	0	David Snyder	2023-11-07	N	852	23	4				milanmich.org	daves@milanmich.org	734-439-1501	147 Wabash, Milan MI 48160		
8052	city-cou	53920	milan		6	0	Matthew Stafford	2023-11-07	N	589	16	4				milanmich.org	matthews@milanmich.org	734-439-1501	147 Wabash, Milan MI 48160	https://thesuntimesnews.com/wp-content/uploads/2025/11/JimLancaster-groundbreaking-1-scaled.jpg	
1854	schl-cou	23850	milan		1	0	Andrew Cislo	2020-11-03	N	2382	29	6	Y			www.milanareaschools.org/domain/50	cisloa@milanareaschools.org	734-439-5050	100 Big Red Drive, Milan, MI 48160		
1855	schl-cou	23850	milan		2	0	Thomas Faro	2020-11-03	N	1860	23	6	Y			www.milanareaschools.org/domain/50	farot@milanareaschools.org	734-439-5050	100 Big Red Drive, Milan, MI 48160		
1856	schl-cou	23850	milan		3	0	Michelle R. Heikka	2020-11-03	N	2539	31	6	Y			www.milanareaschools.org/domain/50	heikkam@milanareaschools.org	734-439-5050	100 Big Red Drive, Milan, MI 48160		
7087	schl-cou	23850	milan		4	0	Sara Meray	2022-11-08	N	1720	31	6				www.milanareaschools.org/domain/50	merays@milanareaschools.org	734-439-5050	100 Big Red Drive, Milan, MI 48160		
7088	schl-cou	23850	milan		5	0	Betty Rosen-Leacher	2022-11-08	N	1537	27	6				www.milanareaschools.org/domain/50		(734) 268-6269	100 Big Red Drive, Milan, MI 48160		
8950	schl-cou	23850	milan		6	0	Carrie Karvonen-Gutierrez	2024-11-05	N	3038	28	6				www.milanareaschools.org/domain/50	gutierrezc@milanareaschools.org	734-439-5050	100 Big Red Drive, Milan, MI 48160		
8951	schl-cou	23850	milan		7	0	Cassie Prior	2024-11-05	N	3304	30	6				www.milanareaschools.org/domain/50	priorc@milanareaschools.org	734-439-5050	100 Big Red Drive, Milan, MI 48160	https://cfmonroedata.wpenginepowered.com/wp-content/uploads/2025/04/Cassie-Prior-300x282.jpg	
1873	schl-cou	24960	napoleon		1	0	James Callahan	2020-11-03	?	2000	26	6	Y			napoleonmi.sites.thrillshare.com/page/school-board	James.callahan@napoleonschools.org	517-536-8667	200 West St Napoleon, MI 4926		
1874	schl-cou	24960	napoleon		2	0	Jeff McLain	2020-11-03	?	1922	25	6	Y			napoleonmi.sites.thrillshare.com/page/school-board	Jeff.mclain@napoleonschools.org	517-536-8667	200 West St Napoleon, MI 4926		
1875	schl-cou	24960	napoleon		3	0	Thomas Wilson	2020-11-03	?	2203	28	6	Y			napoleonmi.sites.thrillshare.com/page/school-board	Thomas.wilson@napoleonschools.org	517-536-8667	200 West St Napoleon, MI 4926	http://theexponentlive.com///wp-content/uploads/2020/10/Thomas-Wilson-headshotOnline.jpg	
7098	schl-cou	24960	napoleon		4	0	Heather Swaenepoel	2022-11-08	?	2166	45	6				napoleonmi.sites.thrillshare.com/page/school-board	Heather.swaenepoel2@napoleonschools.org	517-536-8667	200 West St Napoleon, MI 4926		
7099	schl-cou	24960	napoleon		5	0	Bryce Wallace	2022-11-08	?	1367	28	6				napoleonmi.sites.thrillshare.com/page/school-board	Bryce.wallace@napoleonschools.org	517-536-8667	200 West St Napoleon, MI 4926		
7100	schl-cou	24960	napoleon		6	0	Jason M. Breining	2024-11-05	?	2558	51	6				napoleonmi.sites.thrillshare.com/page/school-board	Jason.breining@napoleonschools.org	517-536-8667	200 West St Napoleon, MI 4926		
8980	schl-cou	24960	napoleon		7	0	Corey Nykamp	2024-11-05	?	2362	48	6				napoleonmi.sites.thrillshare.com/page/school-board	Corey.nykamp@napoleonschools.org	517-536-8667	200 West St Napoleon, MI 4926		
2709	town	58280	northfield	town-clerk	1	0	Kathleen Manley	2024-11-05	R	3368	100	4				www.twp-northfield.org	manleyk@northfieldmi.gov	(734) 449-2880	8350 Main St., Whitmore Lake, MI 48189		
3375	town	58280	northfield	town-super	1	0	Larry Roman	2024-11-05	R	3338	100	4				www.twp-northfield.org	romanl@northfieldmi.gov	(734) 449-2880	8350 Main, P O Box 576 Whitmore Lake MI 48189		
3996	town	58280	northfield	town-treas	1	0	Jacqueline R. Otto	2024-11-05	R	3349	100	4				www.twp-northfield.org	ottoj@northfieldmi.gov	734-368-2251	8350 Main St, P.O. Box 576, Whitmore Lake, MI 48189		
4895	town-cou	58280	northfield	council	1	0	Adam Olney	2024-11-05	D	2566	17	4				www.twp-northfield.org		(734) 449-2880	8350 Main St, P.O. Box 576, Whitmore Lake, MI 48189		
4896	town-cou	58280	northfield	council	2	0	Janet M. Chick	2024-11-05	R	2884	19	4				www.twp-northfield.org	chickj@northfieldmi.gov	734-788-4954	8350 Main St, P.O. Box 576, Whitmore Lake, MI 48189		
4897	town-cou	58280	northfield	council	3	0	Jacob Donner	2024-11-05	R	2861	19	4				www.twp-northfield.org		(734) 449-2880	8350 Main St, P.O. Box 576, Whitmore Lake, MI 48189		
4898	town-cou	58280	northfield	council	4	0	Nate Muchow	2024-11-05	R	2624	17	4				www.twp-northfield.org	muchown@northfieldmi.gov	(734) 637-7557	1075 St. Andrews Dr., Whitmore Lake, MI 48189		
1904	schl-cou	25980	northville		1	0	Jena Mabrey	2024-11-05	?	10970	17	4				www.northvilleschools.org	NPSBOE@northvilleschools.org	734-623-9089	405 W. Main Street, Northville, MI 48167		
1905	schl-cou	25980	northville		2	0	Meredith Riggan Maurer	2024-11-05	?	9712	15	4				www.northvilleschools.org	NPSBOE@northvilleschools.org	248-938-0365	405 W. Main Street, Northville, MI 48167		
1906	schl-cou	25980	northville		3	0	Lisa McIntyre	2024-11-05	?	13086	20	4				www.northvilleschools.org	NPSBOE@northvilleschools.org	248-702-4406	405 W. Main Street, Northville, MI 48167		
1907	schl-cou	25980	northville		4	0	Ron Frazier	2024-11-05	?	11069	17	4				www.northvilleschools.org	NPSBOE@northvilleschools.org	734-404-8606	405 W. Main Street, Northville, MI 48167		
7120	schl-cou	25980	northville		5	0	Carin Meyer	2022-11-08	N	12215	18	4	Y			www.northvilleschools.org	NPSBOE@northvilleschools.org	734-335-0591	405 W. Main Street, Northville, MI 48167		
7121	schl-cou	25980	northville		6	0	Kim Campbell-Voytal	2022-11-08	N	12726	18	4	Y			www.northvilleschools.org	NPSBOE@northvilleschools.org	248-212-9557	405 W. Main Street, Northville, MI 48167		
7122	schl-cou	25980	northville		7	0	Melissa Stuart	2022-11-08	N	13276	19	4	Y			www.northvilleschools.org	NPSBOE@northvilleschools.org	248-567-2458	405 W. Main Street, Northville, MI 48167		
1969	schl-cou	28140	pinckney		1	0	Matthew Maciag	2020-11-03	N	110	33	6	Y			www.pinckneypirates.org/page/school-board	mmaciag@pinckneypirates.org	810-225-3900	2130 East M 36 Pinckney, MI 48169		
1970	schl-cou	28140	pinckney		2	0	Bethany Mohr	2020-11-03	N	122	36	6	Y			www.pinckneypirates.org/page/school-board	bmohr@pinckneypirates.org	810-225-3900	2130 East M 36 Pinckney, MI 48169		
1971	schl-cou	28140	pinckney		3	0	James Velasco, Sr	2020-11-03	N	99	29	6	Y			www.pinckneypirates.org/page/school-board	jvelasco@pinckneypirates.org	810-225-3900	2130 East M 36 Pinckney, MI 48169		
7175	schl-cou	28140	pinckney		4	0	Michelle Crampo	2022-11-08	N	117	35	6				www.pinckneypirates.org/page/school-board	mcrampo@pinckneypirates.org	810-225-3900	2130 East M 36 Pinckney, MI 48169		
7176	schl-cou	28140	pinckney		5	0	Bill Wearne	2022-11-08	N	94	28	6				www.pinckneypirates.org/page/school-board	bwearne@pinckneypirates.org	810-225-3900	2130 East M 36 Pinckney, MI 48169		
7177	schl-cou	28140	pinckney		6	0	Gayle Hurn	2022-11-08	N	104	62	6			P	www.pinckneypirates.org/page/school-board	ghurn@pinckneypirates.org	810-225-3900	2130 East M 36 Pinckney, MI 48169		
9047	schl-cou	28140	pinckney		7	0	Melissa Mueller	2024-11-05	N	125	52	6				www.pinckneypirates.org/page/school-board	mmueller@pinckneypirates.org	810-225-3900	2130 East M 36 Pinckney, MI 48169		
9048	schl-cou	28140	pinckney		8	0	Amanda Winningham	2024-11-05	N	113	47	6				www.pinckneypirates.org/page/school-board	amortensen@pinckneypirates.org	810-225-3900	2130 East M 36 Pinckney, MI 48169		
2755	town	64560	pittsfield charter	town-clerk	1	0	Michelle L. Anzaldi	2024-11-05	D	15786	100	4				www.pittsfield-mi.gov/165/Clerks-Office	clerk@pittsfield-mi.gov	734-822-3120	6201 W. Michigan Ave Ann Arbor, MI 48108	https://www.pittsfield-mi.gov/ImageRepository/Document?documentId=10757	
2990	town	64560	pittsfield charter	town-park	1	0	Sean Reilly	2024-11-05	D	14010	19	4				https://www.pittsfield-mi.gov/123/Park-Commission	clerk@pittsfield-mi.gov	(734) 822-3120	6201 W. Michigan Ave, Ann Arbor, MI 48108		
3421	town	64560	pittsfield charter	town-super	1	0	Trish Reilly	2024-11-05	D	15937	100	4				www.pittsfield-mi.gov/165/Clerks-Office	trish_reilly@msn.com	(734) 822-3135	6201 W. Michigan Avenue Ann Arbor, MI 48108		
4043	town	64560	pittsfield charter	town-treas	1	0	Christopher Ekpiken	2024-11-05	D	15579	100	4				https://www.pittsfield-mi.gov/365/Treasurers-Office	treasurer@pittsfield-mi.gov	(734) 822-3140	6201 W. Michigan Ave. Ann Arbor, MI 48108	https://www.pittsfield-mi.gov/ImageRepository/Document?documentId=10759	
4988	town-cou	64560	pittsfield charter	council	1	0	David Brabec	2024-11-05	D	14595	25	4				www.pittsfield-mi.gov/118/Board-of-Trustees	dbrabec@a2gov.org	734-822-3135	6201 W. Michigan Ave, Ann Arbor, MI 48108		
4989	town-cou	64560	pittsfield charter	council	2	0	Yameen Jaffer	2024-11-05	D	14580	25	4				www.pittsfield-mi.gov/118/Board-of-Trustees	jaffery@pittsfield-mi.gov	734-822-3135	6201 W. Michigan Ave, Ann Arbor, MI 48108		
4990	town-cou	64560	pittsfield charter	council	3	0	Courtney Mills	2024-11-05	D	14599	25	4				www.pittsfield-mi.gov/118/Board-of-Trustees	courtmills09@gmail.com	734-822-3135	6201 W. Michigan Ave, Ann Arbor, MI 48108		
4991	town-cou	64560	pittsfield charter	council	4	0	Andrea Urda-Thompson	2024-11-05	D	14291	24	4				www.pittsfield-mi.gov/118/Board-of-Trustees	Urda-ThompsonA@pittsfield-mi.gov	734-822-3135	6201 W. Michigan Ave, Ann Arbor, MI 48108		
1981	schl-cou	28560	plymouth-canton		1	0	Lauren Christenson	2020-11-03	N	272	17	6	Y			www.pccsk12.com/about/board	Lauren.Christenson@pccsk12.com	734-416-2700	454 S Harvey St, Plymouth, MI 48170		
1982	schl-cou	28560	plymouth-canton		2	0	Patrick Kehoe	2020-11-03	N	245	15	6	Y			www.pccsk12.com/about/board	Patrick.Kehoe@pccsk12.com	734-416-2700	454 S Harvey St, Plymouth, MI 48170		
1983	schl-cou	28560	plymouth-canton		3	0	Sheryl Picard	2020-11-03	N	200	12	6	Y			www.pccsk12.com/about/board	Sheryl.Picard@pccsk12.com	734-416-2700	454 S Harvey St, Plymouth, MI 48170		
1984	schl-cou	28560	plymouth-canton		4	0	Sebastien Ostertag	2020-11-03	N	401	60	6			P	www.pccsk12.com/about/board	sebastien.ostertag@pccsk12.com	734-416-2700	454 S Harvey St, Plymouth, MI 48170		
7187	schl-cou	28560	plymouth-canton		5	0	Anupam Chugh Sidhu	2022-11-08	N	21783	17	6				www.pccsk12.com/about/board	Anupam.Sidhu@pccsk12.com	734-416-2700	454 S Harvey St, Plymouth, MI 48170		
7188	schl-cou	28560	plymouth-canton		6	0	Judy Westra	2022-11-08	N	21523	17	6				www.pccsk12.com/about/board	Judy.Westra@pccsk12.com	734-416-2700	454 S Harvey St, Plymouth, MI 48170		
7189	schl-cou	28560	plymouth-canton		7	0	Sheryl Picard	2022-11-08	N	20302	16	6				www.pccsk12.com/about/board	Sheryl.Picard@pccsk12.com	734-416-2700	454 S Harvey St, Plymouth, MI 48170		
7190	schl-cou	28560	plymouth-canton		8	0	Jennifer Vos	2024-11-05	N	24246	45	6				www.pccsk12.com/about/board	Jennifer.Vos@pccsk12.com	734-416-2700	454 S Harvey St, Plymouth, MI 48170		
2809	town	71130	salem	town-clerk	1	0	Del Wensley	2024-11-05	R	3080	100	4				www.salem-mi.org/departments/clerk/index.php	dwensley@salem-mi.org	248-912-6726	9600 Six Mile Rd. Salem, MI 48175		
3477	town	71130	salem	town-super	1	0	Gary Whittaker	2024-11-05	R	3165	100	4				www.salem-mi.org	gary@salem-mi.org	248-912-6722	9600 Six Mile Rd. Salem, MI 48175		
4098	town	71130	salem	town-treas	1	0	Bruce Reeve	2024-11-05	R	3033	100	4				www.salem-mi.org	treasurer@salem-mi.org	248-912-6721	9600 Six Mile Rd. Salem, MI 48175		
5097	town-cou	71130	salem	council	1	0	John Daniel	2024-11-05	R	2795	25	4				www.salem-mi.org	john@salem-mi.org	248-349-1690	9600 Six Mile Rd. Salem, MI 48175		
5098	town-cou	71130	salem	council	2	0	Reggie DeLuca	2024-11-05	R	2769	25	4				www.salem-mi.org	Reggie@salem-mi.org 	248-349-1690	9600 Six Mile Rd. Salem, MI 48175		
5099	town-cou	71130	salem	council	3	0	TJ McLaughlin	2024-11-05	R	2747	24	4				www.salem-mi.org	tj@salem-mi.org	248-349-1690	9600 Six Mile Rd. Salem, MI 48175		
5100	town-cou	71130	salem	council	4	0	David Trent	2024-11-05	R	2758	24	4				www.salem-mi.org	david@salem-mi.org	248-349-1690	9600 Six Mile Rd. Salem, MI 48175		
436	city	71140	saline	mayor	1	0	Brian D. Marl	2024-11-05	N	3384	100	2	Y			www.cityofsaline.org/government/elected_officials/city_council/index.php	bmarl@cityofsaline.org	734-429-4907 x2213	100 N Harris Street, Saline, Michigan 48176		
616	city-cou	71140	saline		1	0	Janet Dillon	2024-11-05	N	3184	29	2	Y			www.cityofsaline.org/government/elected_officials/city_council/index.php	jdillon@cityofsaline.org	734-429-4907 x3002	100 N Harris Street, Saline, Michigan 48176		
617	city-cou	71140	saline		2	0	Dean Benjamin Girbach	2024-11-05	N	2869	26	2	Y			www.cityofsaline.org/government/elected_officials/city_council/index.php	dbgirbach@cityofsaline.org	734-429-4907 x3001	100 N Harris Street, Saline, Michigan 48176	https://annarborobserver.com/wp-content/uploads/2025/10/Saline-City-of-Saline-2-300x169.jpg	
618	city-cou	71140	saline		3	0	Nicole Rice	2024-11-05	N	2875	26	2	Y			www.cityofsaline.org/government/elected_officials/city_council/index.php	nrice@cityofsaline.org	734-429-4907 x3005	100 N Harris Street, Saline, Michigan 48176	https://annarborobserver.com/wp-content/uploads/2025/10/Saline-City-of-Saline-2-300x169.jpg	
6183	city-cou	71140	saline		4	0	Jim Dell'Orco	2025-11-04	N	1274	18	2				www.cityofsaline.org/government/elected_officials/city_council/index.php	jdellorco@cityofsaline.org	(734) 429-4907	100 N. Harris St., Saline, MI 48176		
6184	city-cou	71140	saline		5	0	Tramane Halsch	2025-11-04	N	1252	18	2				www.cityofsaline.org/government/elected_officials/city_council/index.php	thalsch@salinemi.gov	(734) 429-4907 x3003	100 N Harris Street, Saline, Michigan 48176		
6185	city-cou	71140	saline		6	0	Jenn Harmount	2025-11-04	N	1481	21	2				www.cityofsaline.org/government/elected_officials/city_council/index.php	jharmount@cityofsaline.org	734-429-4907 x3004	100 N Harris Street, Saline, Michigan 48176	https://thesuntimesnews.com/wp-content/uploads/2025/10/FEATURED-9-scaled.png	
2051	schl-cou	30660	saline		1	0	M. Aramide Boatswain	2020-11-03	N	6951	50	6	Y			www.salineschools.org/district-resources/board-of-education/biographies	boatswainm@gmail.com	(734) 769-3175	7265 North Ann Arbor St  Saline, MI 48176		
2052	schl-cou	30660	saline		2	0	Darcy Berwick	2024-11-05	N	7355	15	4				www.salineschools.org/district-resources/board-of-education/biographies		734-401-4000	7265 North Ann Arbor St Saline, MI 48176		
2053	schl-cou	30660	saline		3	0	Brad Gerbe	2024-11-05	N	7826	16	4				www.salineschools.org/district-resources/board-of-education/biographies	bgerbe@gmail.com	734-401-4000	7265 North Ann Arbor St  Saline, MI 48176		
7238	schl-cou	30660	saline		4	0	Timothy Austin	2022-11-08	N	6727	25	4	Y			www.salineschools.org/district-resources/board-of-education/biographies	tj@austinenergy.com	734-401-4000	7265 North Ann Arbor St  Saline, MI 48176		
7239	schl-cou	30660	saline		5	0	Michael McVey	2022-11-08	N	6557	24	4	Y			www.salineschools.org/district-resources/board-of-education/biographies	mcveym@salineschools.org	734-401-4000	7265 North Ann Arbor St  Saline, MI 48176	https://salineschools-cdn.fxbrt.com/downloads/_acct_/00/00/24/01/d5897471d6f64ad696f43e90db3ace18.png	
7240	schl-cou	30660	saline		6	0	Lauren Gold	2022-11-08	N	7319	52	4			P	www.salineschools.org/district-resources/board-of-education/biographies		734-401-4000	7265 North Ann Arbor St  Saline, MI 48176	https://salineschools-cdn.fxbrt.com/downloads/_acct_/00/00/24/01/d5897471d6f64ad696f43e90db3ace18.png	
9091	schl-cou	30660	saline		7	0	Jennifer Steben	2024-11-05	N	7052	15	4				www.salineschools.org/district-resources/board-of-education/biographies		734-401-4000	7265 North Ann Arbor St  Saline, MI 48176		
9092	schl-cou	30660	saline		8	0	Jason Tizedes	2024-11-05	N	6657	14	4				www.salineschools.org/district-resources/board-of-education/biographies		734-401-4000	7265 North Ann Arbor St Saline, MI 48176	https://salineschools-cdn.fxbrt.com/downloads/_acct_/00/00/24/01/d5897471d6f64ad696f43e90db3ace18.png	
2810	town	71160	saline	town-clerk	1	0	Kelly Marion	2024-11-05	R	1057	100	4				salinetownship.org	salinetownship@gmail.com	734-429-9968	4254 Arkona Saline, Michigan  48176	https://thesuntimesnews.com/wp-content/uploads/2025/02/Saline-Township-public-notice.png	
3478	town	71160	saline	town-super	1	0	James C. Marion	2024-11-05	R	1044	100	4				salinetownship.org	salinetownship@gmail.com	734-429-5155	8991 Marion Rd, Saline, MI 48176		
4099	town	71160	saline	town-treas	1	0	Jennifer Zink	2024-11-05	R	1046	100	4				salinetownship.org	treasurersalinetwp@gmail.com	734-645-4168	7186 Klager Road, Saline, MI 48176		
5101	town-cou	71160	saline	council	1	0	Tom P. Hammond	2024-11-05	R	1007	50	4				salinetownship.org	salinetownship@gmail.com	734-323-2110	13076 Macon Rd, Saline, MI 48176		
5102	town-cou	71160	saline	council	2	0	Robert J. Marion	2024-11-05	R	972	49	4				salinetownship.org	salinetownship@gmail.com	734-429-4869	3150 Arkona Rd., Saline, MI 48176		
2817	town	71940	scio	town-clerk	1	0	Jessica M. Flintoft	2024-11-05	D	8818	100	4				www.sciotownship.org	jflintoft@sciotownship.org	734-369-9400 x407	827 North Zeeb Road Ann Arbor, Michigan  48103		
3485	town	71940	scio	town-super	1	0	Jillian Michele Kerry	2024-11-05	D	8803	100	4				www.sciotownship.org	jilliankerry@icloud.com	(734) 487-3363	827 North Zeeb Road, Ann Arbor, MI 48103	https://thesuntimesnews.com/wp-content/uploads/2024/09/Scio-Township-Hall.jpg	
4106	town	71940	scio	town-treas	1	0	Ryan Yaple	2024-11-05	D	8707	100	4				www.sciotownship.org	ryaple@yahoo.com	(734) 369-9400	827 North Zeeb Road, Ann Arbor, MI 48103		
5116	town-cou	71940	scio	council	1	0	Kathleen Brant	2024-11-05	D	8250	25	4				www.sciotownship.org	townshipboard@sciotownship.org	734-369-9400	827 North Zeeb Road, Ann Arbor, MI 48103		
5117	town-cou	71940	scio	council	2	0	Judy DeVooght Moenck	2024-11-05	D	8099	24	4				www.sciotownship.org	jdmoenck@gmail.com	734-369-9400	827 North Zeeb Road, Ann Arbor, MI 48103		
5118	town-cou	71940	scio	council	3	0	Kathleen Knol	2024-11-05	D	8147	24	4				www.sciotownship.org	kknol@sciotownship.org	(734) 369-9400	827 North Zeeb Road, Ann Arbor, MI 48103		
5119	town-cou	71940	scio	council	4	0	John W. Reiser	2024-11-05	D	8148	24	4				www.sciotownship.org	townshipboard@sciotownship.org	734-369-9400	827 North Zeeb Road, Ann Arbor, MI 48103		
2822	town	72760	sharon	town-clerk	1	0	Michelle Mrocko	2024-11-05	N	600	100	4				sharontownship.org	clerk@sharontownship.org	734-428-7591	18010 W. Pleasant Lake Rd. Manchester, Michigan  48158		
3490	town	72760	sharon	town-super	1	0	Katharyn Spiegel	2024-11-05	N	595	100	4				sharontownship.org	supervisor@sharontownship.org	(734) 428-7591	18010 Pleasant Lake Rd, Manchester, MI 48158		
4111	town	72760	sharon	town-treas	1	0	Brian Brickley	2024-11-05	N	576	100	4				sharontownship.org	treasurer@sharontownship.org	734-428-7591	18010 Pleasant Lake Rd, Manchester, MI 48158		
5126	town-cou	72760	sharon	council	1	0	Anna K. Harvey	2024-11-05	N	468	37	4				sharontownship.org	trustee1@sharontownship.org	734-428-7591	18010 Pleasant Lake Rd, Manchester, MI 48158		
5127	town-cou	72760	sharon	council	2	0	Trudi Cooper	2024-11-05	N	451	36	4				sharontownship.org	trustee1@sharontownship.org	734-428-9217	18010 Pleasant Lake Rd, Manchester, MI 48158		
2073	schl-cou	32250	south lyon		1	0	Anthony R. Abbate	2020-11-03	N	10260	36	6	Y			www.slcs.us/board_of_education/board_members	abbatea@slcs.us	248-573-8127	345 South Warren, South Lyon, MI 48178		
2074	schl-cou	32250	south lyon		2	0	Daniel Schwegler	2020-11-03	N	8704	31	6	Y			www.slcs.us/board_of_education/board_members	schweglerd@slcs.us	248-573-8127	345 South Warren, South Lyon, MI 48178		
2075	schl-cou	32250	south lyon		3	0	Martin Leftwich	2020-11-03	N	8103	29	6	Y			www.slcs.us/board_of_education/board_members	leftwichm@slcs.us	248-573-8127	345 South Warren, South Lyon, MI 48178		
2076	schl-cou	32250	south lyon		4	0	Jennifer Urtel	2024-11-05	N	8770	33	6				www.slcs.us/board_of_education/board_members	urtelj@slcs.us	248-573-8127	345 South Warren, South Lyon, MI 48178		
7254	schl-cou	32250	south lyon		5	0	Patrick Maguire	2022-11-08	N	8018	32	6				www.slcs.us/board_of_education/board_members	maguirep@slcs.us	248-573-8127	345 South Warren, South Lyon, MI 48178	http://www.patrickmaguire.com/uploads/7/9/2/1/79219480/published/copy-of-patrick4.jpg?1657225890	
7255	schl-cou	32250	south lyon		6	0	Stephanie Junkulis-Pierce	2022-11-08	N	5900	24	6				www.slcs.us/board_of_education/board_members	sjunkulis@gmail.com	248-573-8127	345 South Warren, South Lyon, MI 48178		
9104	schl-cou	32250	south lyon		7	0	Teresa Laszlo	2024-11-05	N	9054	34	6				www.slcs.us/board_of_education/board_members	laszlot@slcs.us	248-573-8127	345 South Warren, South Lyon, MI 48178		
2108	schl-cou	33030	stockbridge		1	0	Jill Marie Ogden	2024-11-05	N	2237	53	6				www.panthernet.net/our-district/boardofeducation	jillredfield1@gmail.com	734-223-6548	100 Price Avenue Ste. A Stockbridge, MI 49285		
2109	schl-cou	33030	stockbridge		2	0	Cynthia Sue Lance	2020-11-03	W	2	0	6	Y			www.panthernet.net/our-district/boardofeducation		(517) 851-7188	100 Price Avenue Ste. A Stockbridge, MI 49285		
2110	schl-cou	33030	stockbridge		3	0	Kary Gee	2020-11-03	N	864	55	6	Y			www.panthernet.net/our-district/boardofeducation	coniferkary@gmail.com	517-206-7503	100 Price Avenue Ste. A Stockbridge, MI 49285		
2111	schl-cou	33030	stockbridge		4	0	Keven Numinen	2020-11-03	N	694	44	6	Y			www.panthernet.net/our-district/boardofeducation	knuminen@gmail.com	313-244-7358	100 Price Avenue Ste. A Stockbridge, MI 49285		
7282	schl-cou	33030	stockbridge		5	0	Carrie E. Graham	2022-11-08	N	1828	52	6				www.panthernet.net/our-district/boardofeducation	carrieegraham@yahoo.com	734-323-1181	100 Price Avenue Ste. A Stockbridge, MI 49285		
7283	schl-cou	33030	stockbridge		6	0	Erin L. Gancer	2022-11-08	N	1654	47	6				www.panthernet.net/our-district/boardofeducation	gancere@panthernet.net	313-702-1574	100 Price Avenue Ste. A Stockbridge, MI 49285		
9140	schl-cou	33030	stockbridge		7	0	Richard D. Ramalia III	2024-11-05	N	1800	43	6				www.panthernet.net/our-district/boardofeducation	rramaliaiii@gmail.com	(517) 851-7188	100 Price Avenue Ste. A Stockbridge, MI 49285		
2863	town	77560	superior	town-clerk	1	0	Angela Robinson	2024-11-05	D	6264	100	4				https://superiortownship.org/government/staff-directory/	arobinson@superior-twp.org	(734) 482-6099	3040 North Prospect, Superior Township, MI 48198		
2999	town	77560	superior	town-park	1	0	Matthew Yahyai	2024-11-05	N	1618	4	4				https://superiortownship.org/government/parks-recreation-commission/		(734) 844-4238	575 E. Clark Road, Ypsilanti, MI 48198		
3531	town	77560	superior	town-super	1	0	Emily Dabish Yahkind	2024-11-05	D	6255	100	4				https://superiortownship.org/team/supervisor-emily-dabish-yahkind/	emilyy27@gmail.com	(734) 482-6099	3040 North Prospect Rd., Superior Township, MI 48198		
4152	town	77560	superior	town-treas	1	0	Lisa Lewis	2024-11-05	D	6207	100	4				superiortownship.org/team/lisa-a-lewis	llewis@superior-twp.org	734-482-6099	3040 North Prospect, Superior Township, MI 48198	https://superiortownship.org/wp-content/uploads/2021/03/Lewis_Lisa_5x7_2021-e1698939630890.jpg	
5202	town-cou	77560	superior	council	1	0	Sarah Devereaux	2024-11-05	D	5742	25	4				https://superiortownship.org/government/staff-directory/		(734) 482-6099	3040 North Prospect, Superior Township, MI 48198		
5203	town-cou	77560	superior	council	2	0	Dana Greene Jr.	2024-11-05	D	5700	25	4				https://superiortownship.org/government/staff-directory/	greenedana@gmail.com	(734) 482-6099	3040 North Prospect, Superior Township, MI 48198		
5204	town-cou	77560	superior	council	3	0	Brenda L. McKinney	2024-11-05	D	5755	25	4				https://superiortownship.org/government/staff-directory/		(734) 482-6099	3040 North Prospect, Superior Township, MI 48198		
5205	town-cou	77560	superior	council	4	0	Ken Schwartz	2024-11-05	D	5582	24	4				https://superiortownship.org/government/board-of-trustees/	kenschwartz@superior-twp.org	(734) 482-6099	3040 North Prospect, Superior Township, MI 48198	https://superiortownship.org/wp-content/uploads/2016/10/Schwartz_Ken_5x7-1440x868.jpg	
2868	town	77800	sylvan	town-clerk	1	0	Douglas Jackson	2024-11-05	D	1521	100	4				sylvantownshipmi.gov/clerk	clerk@sylvantownship.gov	734-475-8890 x116	18027 Old US-12, Chelsea, MI 48118	https://www.cityofjackson.org/ImageRepository/Document?documentId=11834	
3536	town	77800	sylvan	town-super	1	0	Amanda Nimke	2024-11-05	D	1499	61	4				sylvantownshipmi.gov/supervisor	supervisor@sylvantownshipmi.gov	734-475-8890 x114	18027 Old US-12, Chelsea, MI 48118	https://sylvantownshipmi.gov/wp-content/uploads/2022/06/Amanda-Nimke-headshot.jpg	
4157	town	77800	sylvan	town-treas	1	0	Sandra J. Egeler	2024-11-05	D	1357	55	4				sylvantownshipmi.gov/treasurer	treasurer@sylvantownship.gov	734-475-8890 x117	18027 Old US-12, Chelsea, MI 48118	https://sylvantownshipmi.gov/wp-content/uploads/2023/03/sandie.jpeg	
5211	town-cou	77800	sylvan	council	1	0	Sandra E. Schulze	2024-11-05	D	1391	48	4				https://sylvantownshipmi.gov/zoning-board-of-appeals/	info@sylvantownshipmi.gov	(734) 475-8890	18027 Old US 12, Chelsea, Michigan 48118-9673		
5212	town-cou	77800	sylvan	council	2	0	Kurt Koseck	2024-11-05	D	1490	51	4				sylvantownshipmi.gov/trustees	kkoseck@sylvantownshipmi.gov	734-475-8890	18027 Old US-12, Chelsea, MI 48118		
2142	schl-cou	34560	van buren		1	0	David W. Shall	2024-11-05	N	8563	18	4				www.vanburenschools.net/page/members	dshall@vanburenschools.net	734-697-9123	555 W. Columbia Ave. Belleville, MI 48111		
2143	schl-cou	34560	van buren		2	0	Dionne Falconer	2024-11-05	N	11026	23	4				www.vanburenschools.net/page/members	dfalconer@vanburenschools.net	734-697-9123	555 W. Columbia Ave. Belleville, MI 48111		
2144	schl-cou	34560	van buren		3	0	Victor DeLibera	2024-11-05	N	9017	18	4				www.vanburenschools.net/page/members	vdelibera@vanburenschools.net	734-697-9123	555 W. Columbia Ave. Belleville, MI 48111		
2145	schl-cou	34560	van buren		4	0	Wade Fields	2024-11-05	N	9507	20	4				www.vanburenschools.net/page/members	wfields@vanburenschools.net	734-697-9123	555 W. Columbia Ave. Belleville, MI 48111		
7318	schl-cou	34560	van buren		5	0	Amy T. Pearce	2022-11-08	N	10141	26	4	Y			www.vanburenschools.net/page/members	apearce@vanburenschools.net	734-697-9123	555 W. Columbia Ave. Belleville, MI 48111		
7319	schl-cou	34560	van buren		6	0	Calvin H. Hawkins Jr.	2022-11-08	N	7125	18	4	Y			www.vanburenschools.net/page/members	chawkins@vanburenschools.net	734-697-9123	555 W. Columbia Ave. Belleville, MI 48111		
7320	schl-cou	34560	van buren		7	0	Darlene Loyer Gerick	2022-11-08	N	8665	22	4	Y			www.vanburenschools.net/page/members	dgerick@vanburenschools.net	734-697-9123	555 W. Columbia Ave. Belleville, MI 48111		
2922	town	85100	webster	town-clerk	1	0	Barbara Calleja	2024-11-05	D	2434	70	4				https://twp.webster.mi.us/government/boards___commissions/webster_township_parks_committee.php	bcalleja@webstermi.us	(734) 780-6509	5665 Webster Church Rd., Dexter, MI 48130		
3590	town	85100	webster	town-super	1	0	L. Michael DeAngelo	2024-11-05	D	2503	53	4				https://twp.webster.mi.us/government/boards___commissions/webster_township_parks_committee.php		(313) 387-2705	15145 Beech Daly Road, Redford Township, MI 48239		
4210	town	85100	webster	town-treas	1	0	John Scharf	2024-11-05	N	1338	53	4				www.twp.webster.mi.us	jscharf@webstermi.us	734-426-5103	5665 Webster Church Rd, Dexter, MI 48130		
5301	town-cou	85100	webster	council	1	0	Dan Munzel	2024-11-05	D	2526	14	4				www.twp.webster.mi.us	dmunzel@webstermi.us	734-426-5103	5665 Webster Church Rd, Dexter, MI 48130		
5302	town-cou	85100	webster	council	2	0	Brant Savander	2024-11-05	D	2227	12	4				www.twp.webster.mi.us	bsavander@webstermi.us	734-426-5103	5665 Webster Church Rd, Dexter, MI 48130		
5303	town-cou	85100	webster	council	3	0	Jeff Harms	2024-11-05	D	2299	13	4				www.twp.webster.mi.us	jharms@webstermi.us	734-426-5103	5665 Webster Church Rd, Dexter, MI 48130		
5304	town-cou	85100	webster	council	4	0	Shelly Vrsek	2024-11-05	D	2379	13	4				www.twp.webster.mi.us	svrsek@webstermi.us	734-426-5103	5665 Webster Church Rd, Dexter, MI 48130		
2206	schl-cou	36330	whitmore lake		1	0	Lee Cole	2020-11-03	N	1765	47	6	Y			www.wlps.net/board-members	lee.cole@wlps.net	734-449-4464	8845 Main Street  Whitmore Lake, MI 48189		
2207	schl-cou	36330	whitmore lake		2	0	Lisa C. McCully	2020-11-03	N	1958	52	6	Y			www.wlps.net/board-members	lisa.mccully@wlps.net	734-449-4464	8845 Main Street  Whitmore Lake, MI 48189	https://www.wlps.net/wp-content/uploads/2021/07/lisa_mccully-scaled.jpg	
7369	schl-cou	36330	whitmore lake		3	0	Michelle Lee Kritzman	2022-11-08	N	1448	28	6				www.wlps.net/board-members	shelli.kritzman@wlps.net	734-449-4464	8845 Main Street  Whitmore Lake, MI 48189		
7370	schl-cou	36330	whitmore lake		4	0	John W. Meadows Jr.	2022-11-08	N	1219	24	6				www.wlps.net/board-members	john.meadows@wlps.net	734-449-4464	8845 Main Street  Whitmore Lake, MI 48189		
7371	schl-cou	36330	whitmore lake		5	0	Frank Zolenski	2022-11-08	N	1278	25	6				www.wlps.net/board-members	Frank.zolenski@wlps.net	734-449-4464	8845 Main Street  Whitmore Lake, MI 48189	https://www.wlps.net/wp-content/uploads/2022/02/Frank-Zolenski.jpg	
7372	schl-cou	36330	whitmore lake		6	0	Laura Schwennesen	2022-11-08	N	1173	58	6			P	www.wlps.net/board-members	lmschwennesen@gmail.com	(248) 698-3300	8845 Main Street  Whitmore Lake, MI 48189		
9243	schl-cou	36330	whitmore lake		7	0	Lindsey Collins	2024-11-05	N	1885	51	6				www.wlps.net/board-members	lindsey.collins@wlps.net	734-449-4464	8845 Main Street Whitmore Lake, MI 48189	https://www.wlps.net/wp-content/uploads/2025/01/lindsey_collins-1.jpg	
9244	schl-cou	36330	whitmore lake		8	0	Kelly Henning	2024-11-05	N	1800	48	6				www.wlps.net/board-members	kelly.henning@wlps.net	734-449-4464	8845 Main Street Whitmore Lake, MI 48189		
2944	town	89100	york	town-clerk	1	0	Kayleigh Zupi	2024-11-05	R	3212	100	4				www.twp-york.org/government/clerks_office.php	kzupi@twp-york.org	734-439-8842 x204	11560 Stony Creek Rd. Milan, Michigan  48160	https://thesuntimesnews.com/wp-content/uploads/2025/02/York-Township-public-notice.png	
3613	town	89100	york	town-super	1	0	Chuck Tellas	2024-11-05	R	3240	100	4				www.twp-york.org	ctellas@twp-york.org 	734-439-8842 x207	11560 Stony Creek Rd., Milan, MI 48160		
4233	town	89100	york	town-treas	1	0	Sally B. Louis	2024-11-05	R	3171	100	4				www.twp-york.org	slouis@twp-york.org	734-439-8842 x203	11560 Stony Creek Rd., Milan, MI 48160		
5348	town-cou	89100	york	council	1	0	Thomas Gary	2024-11-05	R	2699	20	4				www.twp-york.org		734-439-8842	11560 Stony Creek Rd., Milan, MI 48160		
5349	town-cou	89100	york	council	2	0	John Hargrove	2024-11-05	R	2723	20	4				www.twp-york.org	jjhar@frontier.com 	734-439-8842	11560 Stony Creek Rd., Milan, MI 48160		
5350	town-cou	89100	york	council	3	0	Jason D. McGovern	2024-11-05	R	2726	20	4				www.twp-york.org	jasonmcgo@gmail.com	734-439-8842	11560 Stony Creek Rd., Milan, MI 48160		
5351	town-cou	89100	york	council	4	0	Helen Neill	2024-11-05	R	2790	21	4				www.twp-york.org		734-439-8842	11560 Stony Creek Rd., Milan, MI 48160		
6287	city	89140	ypsilanti	mayor	1	0	Nicole Brown	2022-11-08	D	5165	76	4	Y			cityofypsilanti.com	nbrown@cityofypsilanti.com	313-888-4044	One South Huron Street, Ypsilanti, MI 48197		
6464	city-cou	89140	ypsilanti		1	1	Michelle (Me' Chelle) King	2022-11-08	D	1734	93	4	Y			cityofypsilanti.com	mking@cityofypsilanti.com	(734) 657-1030	1 S. Huron St., Ypsilanti, MI 48197		
670	city-cou	89140	ypsilanti		1	2	Steven Wilcoxen	2024-11-05	D	2513	88	4				cityofypsilanti.com	swilcoxen@cityofypsilanti.com	734-657-1796	One South Huron Street, Ypsilanti, MI 48197		
671	city-cou	89140	ypsilanti		1	3	Amber Fellows	2024-11-05	D	2169	79	4				cityofypsilanti.com	afellows@cityofypsilanti.com	(734) 483-1100	One South Huron Street, Ypsilanti, MI 48197		
6465	city-cou	89140	ypsilanti		2	1	Roland Tooson	2024-11-05	D	2398	100	4				cityofypsilanti.com	rtooson@cityofypsilanti.com	734-635-3605	One South Huron Street, Ypsilanti, MI 48197		
8298	city-cou	89140	ypsilanti		2	2	Patrick McLean	2024-11-05	D	2574	100	4			P	cityofypsilanti.com	pmclean@cityofypsilanti.com	614-395-0466	One South Huron Street, Ypsilanti, MI 48197		
6467	city-cou	89140	ypsilanti		2	3	Desirae Simmons	2022-11-08	D	1682	76	4	Y			cityofypsilanti.com	dsimmons@cityofypsilanti.com	256-541-2347	One South Huron Street, Ypsilanti, MI 48197		
2220	schl-cou	36630	ypsilanti		1	0	Yvonne Fields	2020-11-03	N	13818	39	6	Y			www.ycschools.us/board-of-education	yfields4@ycschools.us	734-221-1210	1885 Packard Rd, Ypsilanti, MI 48197		
2221	schl-cou	36630	ypsilanti		2	0	Maria Goodrich	2020-11-03	N	12252	34	6	Y			www.ycschools.us/board-of-education	mgoodrich4@ycschools.us	734-221-1210	1885 Packard Rd, Ypsilanti, MI 48197	https://mariagoodrich.com/wp-content/uploads/2020/08/logotem.png	
7391	schl-cou	36630	ypsilanti		3	0	Sharon Lee	2022-11-08	N	10190	37	6				www.ycschools.us/board-of-education	slee@ycschools.us	734-221-1210	1885 Packard Rd, Ypsilanti, MI 48197		
7392	schl-cou	36630	ypsilanti		4	0	M. Jeanice Townsend	2022-11-08	N	10525	38	6				www.ycschools.us/board-of-education	jtownsend8@ycschools.us	734-221-1210	1885 Packard Rd, Ypsilanti, MI 48197		
7393	schl-cou	36630	ypsilanti		5	0	Meredith Schindler	2022-11-08	N	9620	62	6			P	www.ycschools.us/board-of-education	meredithlschindler@gmail.com	734-221-1210	305 Maple Street, Ypsilanti, MI 48198		
9254	schl-cou	36630	ypsilanti		6	0	Dawn Espy	2024-11-05	N	11105	23	6				www.ycschools.us/board-of-education	despy8@ycschool.us	734-221-1210	1885 Packard Rd, Ypsilanti, MI 48197	https://ycschools-cdn.fxbrt.com/downloads/2024-board-meetings/dawn_espy.png	
9255	schl-cou	36630	ypsilanti		7	0	Celeste Hawkins	2024-11-05	N	13110	27	6				www.ycschools.us/board-of-education	chawkins@ycschools.us	734-221-1210	1885 Packard Rd, Ypsilanti, MI 48197		
9256	schl-cou	36630	ypsilanti		8	0	Talisha Sutton-Kennedy	2024-11-05	N	11579	24	6				www.ycschools.us/board-of-education	tsuttonkennedy7@ycschools.us	734-221-1210	1885 Packard Rd, Ypsilanti, MI 48197		
2945	town	89160	ypsilanti	town-clerk	1	0	Debbie Swanson	2024-11-05	D	22962	100	4				ypsitownship.org/departments/clerks_office/index.php	clerk@ypsitownship.org	734-544-4000 x2	7200 S Huron River Dr Ypsilanti, Michigan 48197		
3004	town	89160	ypsilanti	town-park	1	0	Lawrence W. Johnson	2024-11-05	L	6263	4	4				ypsitownship.org/departments/clerks_office/index.php		734-544-4000	7200 South Huron River Drive, Ypsilanti, MI 48197		
3614	town	89160	ypsilanti	town-super	1	0	Brenda Stumbo	2024-11-05	D	23221	100	4				ypsitownship.org/departments/supervisors_office/index.php	supervisor.info@ypsitownship.org	734-544-4000 x6	7200 South Huron River Drive, Ypsilanti, MI 48197		
4234	town	89160	ypsilanti	town-treas	1	0	Stan Eldridge	2024-11-05	D	22703	100	4				ytown.org/index.php/employees-contact-1/1850-contact-stan-eldridge	treasurer.info@ypsitownship.org	734-544-4000 x3	7200 South Huron River Drive, Ypsilanti, MI 48197		
5352	town-cou	89160	ypsilanti	council	1	0	Karen Lovejoy Roe	2024-11-05	D	21109	25	4				ytown.org/index.php/employees-contact-1/2382-contact-john-p-newman-ii	trustees.info@ypsitownship.org	734-544-4000	7200 South Huron River Drive, Ypsilanti, MI 48197		
5353	town-cou	89160	ypsilanti	council	2	0	John P. Newman II	2024-11-05	D	20613	24	4				ytown.org/index.php/employees-contact-1/2382-contact-john-p-newman-ii	trustees.info@ypsitownship.org	734-544-4000	7200 South Huron River Drive, Ypsilanti, MI 48197		
5354	town-cou	89160	ypsilanti	council	3	0	Gloria Peterson	2024-11-05	D	20708	24	4				ytown.org/index.php/employees-contact-1/2020-contact-gloria-peterson	trustees.info@ypsitownship.org	734-544-4000	7200 South Huron River Drive, Ypsilanti, MI 48197		
5355	town-cou	89160	ypsilanti	council	4	0	LaResha Thornton	2024-11-05	D	20435	24	4				ytown.org/index.php/employees-contact-1/2382-contact-john-p-newman-ii	trustees.info@ypsitownship.org	734-544-4000	7200 South Huron River Drive, Ypsilanti, MI 48197		
